chromosome,position,vir48_snp,vir48_snp_count,vir47_snp,vir47_snp_count
Chr_6,124,A,7,T,3
Chr_6,274,C,0,A,6
Chr_6,275,G,2,C,6
Chr_6,1216,G,0,C,12
Chr_6,1780,T,0,G,8
Chr_6,1819,A,1,C,5
Chr_6,2240,C,2,T,8
Chr_6,2862,C,12,T,13
Chr_6,2965,T,8,G,12
Chr_6,2990,C,5,A,14
Chr_6,3155,A,0,T,6
Chr_6,3661,T,5,G,8
Chr_6,3682,G,14,A,9
Chr_6,4315,A,10,T,55
Chr_6,6385,T,23,A,0
Chr_6,6641,C,28,T,0
Chr_6,7391,A,7,C,24
Chr_6,17732,G,4,A,19
Chr_6,23498,C,1,A,5
Chr_6,31056,G,58,T,14
Chr_6,32117,G,2,A,24
Chr_6,32288,A,40,T,38
Chr_6,32924,A,23,G,30
Chr_6,33029,A,24,G,28
Chr_6,33271,A,25,C,0
Chr_6,33304,T,7,A,10
Chr_6,33305,A,7,T,10
Chr_6,33404,C,2,A,6
Chr_6,33873,T,1,A,10
Chr_6,34240,A,11,C,18
Chr_6,34461,G,0,T,4
Chr_6,34844,T,3,A,0
Chr_6,34949,A,5,T,0
Chr_6,34987,C,5,T,0
Chr_6,35574,T,8,C,6
Chr_6,36127,G,6,C,13
Chr_6,36171,A,14,T,2
Chr_6,36251,C,2,A,7
Chr_6,36648,T,5,A,17
Chr_6,36795,A,8,G,33
Chr_6,37050,A,0,T,17
Chr_6,37470,C,2,T,11
Chr_6,37510,A,7,G,6
Chr_6,37640,A,4,T,14
Chr_6,37729,C,2,T,16
Chr_6,37810,T,2,C,11
Chr_6,37811,A,3,T,10
Chr_6,37927,T,0,A,23
Chr_6,37955,G,0,A,22
Chr_6,38316,G,1,T,3
Chr_6,41904,G,4,T,13
Chr_6,42184,G,2,T,12
Chr_6,42246,G,6,T,7
Chr_6,43346,T,1,C,0
Chr_6,43388,A,6,T,0
Chr_6,43616,A,4,T,0
Chr_6,45358,A,2,C,0
Chr_6,45554,A,13,T,0
Chr_6,45577,A,6,G,0
Chr_6,46058,T,6,G,0
Chr_6,46107,G,1,T,0
Chr_6,46177,T,1,C,0
Chr_6,46258,T,16,C,0
Chr_6,46380,A,1,G,0
Chr_6,46406,T,2,A,0
Chr_6,46793,C,2,T,0
Chr_6,46965,C,5,T,0
Chr_6,48829,G,7,A,19
Chr_6,49372,A,3,G,13
Chr_6,50276,A,7,G,10
Chr_6,50637,T,6,C,0
Chr_6,50880,T,2,A,24
Chr_6,50904,C,1,T,26
Chr_6,51726,A,5,T,7
Chr_6,51731,A,5,G,7
Chr_6,52270,G,7,C,15
Chr_6,52550,C,0,T,10
Chr_6,53007,C,5,A,26
Chr_6,53880,G,11,A,2
Chr_6,54246,T,12,C,18
Chr_6,54331,G,9,C,16
Chr_6,55288,T,11,C,0
Chr_6,56575,T,2,C,15
Chr_6,56940,T,4,G,6
Chr_6,57237,C,8,T,1
Chr_6,57840,G,3,A,18
Chr_6,58245,A,5,T,11
Chr_6,58246,T,5,A,11
Chr_6,58294,A,2,C,13
Chr_6,58307,C,7,A,11
Chr_6,59198,A,6,C,20
Chr_6,72131,A,26,T,1
Chr_6,74374,T,0,A,2
Chr_6,74544,C,1,T,7
Chr_6,74556,A,1,C,12
Chr_6,76928,G,22,T,4
Chr_6,79067,C,5,T,12
Chr_6,83257,T,2,A,1
Chr_6,83267,A,3,C,7
Chr_6,83815,A,2,T,26
Chr_6,85291,G,5,C,0
Chr_6,86422,G,11,A,0
Chr_6,87440,G,17,A,8
Chr_6,88651,C,22,T,0
Chr_6,88652,C,21,T,0
Chr_6,89716,A,5,C,7
Chr_6,90992,G,10,A,0
Chr_6,91581,A,7,T,6
Chr_6,91982,A,1,T,8
Chr_6,92003,A,0,G,9
Chr_6,92953,C,8,A,0
Chr_6,92989,A,4,T,2
Chr_6,93991,A,38,C,9
Chr_6,94365,A,7,T,11
Chr_6,95660,C,9,T,16
Chr_6,95781,T,14,C,7
Chr_6,95886,T,5,A,0
Chr_6,96005,A,1,G,1
Chr_6,96173,T,1,A,0
Chr_6,101163,A,4,T,7
Chr_6,101227,C,7,A,5
Chr_6,101234,G,12,C,0
Chr_6,101351,G,0,A,17
Chr_6,101458,A,9,C,0
Chr_6,101532,G,6,A,11
Chr_6,101584,C,37,A,0
Chr_6,101778,A,3,T,0
Chr_6,102138,T,5,A,14
Chr_6,103527,T,7,A,6
Chr_6,103906,A,1,C,11
Chr_6,104194,A,10,T,0
Chr_6,105163,A,0,G,7
Chr_6,105174,A,0,G,9
Chr_6,105190,T,0,C,10
Chr_6,105193,A,0,C,8
Chr_6,105259,A,1,G,3
Chr_6,105299,T,1,A,6
Chr_6,105703,G,9,A,11
Chr_6,106287,T,6,C,4
Chr_6,106472,A,13,C,7
Chr_6,106831,T,0,G,6
Chr_6,106844,C,0,A,6
Chr_6,107503,C,1,T,28
Chr_6,107835,T,4,G,7
Chr_6,107991,C,10,G,14
Chr_6,108665,C,10,T,19
Chr_6,109178,C,0,T,15
Chr_6,109389,A,7,T,16
Chr_6,109881,T,4,A,7
Chr_6,109882,G,4,C,5
Chr_6,110363,G,10,A,32
Chr_6,110912,A,1,T,20
Chr_6,111181,T,9,A,6
Chr_6,111394,G,11,C,27
Chr_6,112612,G,10,T,18
Chr_6,112628,A,8,T,20
Chr_6,112639,G,5,T,15
Chr_6,135874,G,6,T,0
Chr_6,136826,A,1,G,17
Chr_6,137170,T,16,C,0
Chr_6,138330,C,13,T,24
Chr_6,138331,C,13,T,24
Chr_6,138341,C,9,T,27
Chr_6,140500,A,11,G,19
Chr_6,140670,A,0,G,8
Chr_6,141630,T,7,C,11
Chr_6,142041,G,11,T,0
Chr_6,142479,G,5,A,0
Chr_6,143174,G,7,T,18
Chr_6,149636,A,20,C,15
Chr_6,156057,C,22,T,0
Chr_6,156124,G,2,C,3
Chr_6,157702,C,23,T,40
Chr_6,159840,C,9,G,18
Chr_6,159906,C,5,G,46
Chr_6,160514,A,4,T,14
Chr_6,160544,T,3,C,11
Chr_6,160610,C,1,T,19
Chr_6,160611,A,1,T,19
Chr_6,162714,A,7,G,0
Chr_6,177200,G,2,C,13
Chr_6,194388,G,7,A,11
Chr_6,194511,C,11,T,27
Chr_6,198797,A,5,T,22
Chr_6,285036,T,4,C,3
Chr_6,286708,C,6,A,0
Chr_6,287686,C,17,A,15
Chr_6,287712,C,17,G,11
Chr_6,288631,T,29,C,0
Chr_6,288779,C,14,A,0
Chr_6,288826,T,24,C,1
Chr_6,289219,T,13,G,0
Chr_6,292747,C,6,A,2
Chr_6,296168,A,1,G,15
Chr_6,296722,A,30,T,2
Chr_6,297158,G,25,T,0
Chr_6,299099,C,8,A,8
Chr_6,299760,A,6,T,2
Chr_6,303049,C,6,A,50
Chr_6,303252,T,24,C,16
Chr_6,303549,A,32,C,0
Chr_6,303579,A,32,G,0
Chr_6,303582,T,32,G,0
Chr_6,304176,G,39,A,33
Chr_6,304204,A,70,G,0
Chr_6,305561,G,19,T,0
Chr_6,305803,A,34,C,0
Chr_6,306108,T,12,C,9
Chr_6,306534,A,29,G,0
Chr_6,308076,C,4,A,0
Chr_6,308340,A,6,G,9
Chr_6,309218,A,1,G,50
Chr_6,309401,G,9,A,5
Chr_6,309705,T,37,C,10
Chr_6,309843,G,12,C,0
Chr_6,310049,T,10,C,15
Chr_6,310155,T,5,C,11
Chr_6,310308,A,3,G,12
Chr_6,310322,T,5,A,8
Chr_6,310346,G,8,A,6
Chr_6,310533,C,20,T,35
Chr_6,310534,G,21,T,34
Chr_6,310535,A,20,G,35
Chr_6,310756,G,2,A,31
Chr_6,311168,C,11,T,11
Chr_6,311648,T,4,C,67
Chr_6,312222,A,37,G,0
Chr_6,312290,A,5,G,5
Chr_6,312359,A,4,G,12
Chr_6,312763,T,24,A,7
Chr_6,314852,G,27,A,3
Chr_6,314981,G,2,T,16
Chr_6,319079,T,7,C,13
Chr_6,319998,G,7,A,0
Chr_6,321994,A,5,G,46
Chr_6,323840,G,69,C,7
Chr_6,324051,A,5,C,6
Chr_6,324727,T,14,G,17
Chr_6,325760,A,7,G,18
Chr_6,326573,G,8,C,25
Chr_6,326721,A,5,G,87
Chr_6,327807,G,22,A,27
Chr_6,327844,T,26,A,29
Chr_6,328821,G,19,A,28
Chr_6,329882,T,2,A,52
Chr_6,330323,A,5,T,28
Chr_6,334185,A,23,G,17
Chr_6,337484,G,58,A,0
Chr_6,337660,T,9,A,0
Chr_6,337673,T,7,G,1
Chr_6,337943,T,34,G,0
Chr_6,338299,C,25,T,18
Chr_6,340228,C,36,A,13
Chr_6,340484,C,9,T,93
Chr_6,341212,A,2,T,14
Chr_6,341311,T,2,A,27
Chr_6,342723,G,11,A,9
Chr_6,343054,C,33,T,10
Chr_6,343057,T,36,A,10
Chr_6,344673,C,40,A,45
Chr_6,346148,A,14,T,0
Chr_6,349582,G,40,C,0
Chr_6,351189,T,4,C,99
Chr_6,351777,T,6,G,32
Chr_6,351807,G,49,A,1
Chr_6,351996,G,16,A,0
Chr_6,353101,A,19,C,0
Chr_6,353736,G,76,C,22
Chr_6,354683,C,11,G,12
Chr_6,355363,A,37,T,16
Chr_6,358307,G,53,C,20
Chr_6,358311,G,3,C,59
Chr_6,359271,G,10,A,32
Chr_6,359467,C,30,A,56
Chr_6,361480,T,9,G,0
Chr_6,364342,A,11,T,29
Chr_6,364368,G,10,C,21
Chr_6,364387,C,7,G,7
Chr_6,364617,G,29,C,6
Chr_6,372766,C,4,T,18
Chr_6,373952,G,8,C,21
Chr_6,373974,T,15,C,19
Chr_6,373980,G,15,A,14
Chr_6,382918,T,21,A,18
Chr_6,383020,A,9,G,12
Chr_6,383080,A,11,C,9
Chr_6,388468,T,14,C,82
Chr_6,388602,A,31,T,69
Chr_6,389583,A,1,G,37
Chr_6,389599,T,1,A,44
Chr_6,391447,G,27,A,5
Chr_6,391575,C,36,T,0
Chr_6,394459,T,3,A,5
Chr_6,405924,A,4,T,96
Chr_6,438519,G,19,A,16
Chr_6,438534,G,18,A,16
Chr_6,438564,T,22,G,14
Chr_6,447111,A,5,G,0
Chr_6,447820,G,17,T,40
Chr_6,448050,A,13,T,27
Chr_6,448972,T,0,A,46
Chr_6,450588,A,9,C,17
Chr_6,452665,T,16,C,68
Chr_6,454975,G,34,T,50
Chr_6,455323,T,31,C,0
Chr_6,457898,G,0,C,84
Chr_6,458071,T,39,G,24
Chr_6,458967,A,2,G,40
Chr_6,460890,T,5,A,11
Chr_6,460891,T,5,C,11
Chr_6,465657,A,6,T,37
Chr_6,466916,A,3,G,17
Chr_6,466965,T,6,G,22
Chr_6,467093,G,11,A,34
Chr_6,467777,T,12,A,37
Chr_6,467841,A,17,T,0
Chr_6,467925,A,31,T,0
Chr_6,467928,T,31,A,0
Chr_6,468001,A,29,G,34
Chr_6,468117,G,1,A,82
Chr_6,468514,A,30,G,0
Chr_6,468537,G,46,T,0
Chr_6,468730,G,2,C,31
Chr_6,468982,T,16,A,11
Chr_6,469635,A,5,G,46
Chr_6,470869,G,3,T,25
Chr_6,472151,A,5,C,19
Chr_6,472257,C,6,T,33
Chr_6,474076,A,13,G,18
Chr_6,474172,T,11,G,6
Chr_6,474173,T,11,A,6
Chr_6,474322,C,6,T,8
Chr_6,474372,G,21,T,0
Chr_6,475080,G,21,A,0
Chr_6,475206,T,22,G,0
Chr_6,476576,G,4,A,8
Chr_6,476608,A,7,G,14
Chr_6,476814,T,15,A,15
Chr_6,476888,G,43,A,21
Chr_6,477878,A,3,T,19
Chr_6,477880,A,3,C,19
Chr_6,477918,C,3,T,20
Chr_6,478062,A,14,C,17
Chr_6,478823,A,3,G,8
Chr_6,478872,A,6,G,31
Chr_6,478900,G,29,A,0
Chr_6,479192,T,22,C,15
Chr_6,479643,A,14,G,0
Chr_6,480648,T,6,G,32
Chr_6,481065,G,12,A,0
Chr_6,481178,C,59,A,0
Chr_6,481217,T,26,G,31
Chr_6,481327,C,14,A,2
Chr_6,481334,A,16,T,7
Chr_6,482774,G,16,A,0
Chr_6,482851,G,19,T,0
Chr_6,484496,A,7,G,2
Chr_6,484549,G,3,C,2
Chr_6,484701,A,0,C,3
Chr_6,484954,T,1,G,8
Chr_6,484971,G,13,T,0
Chr_6,499058,G,3,A,13
Chr_6,499146,G,5,A,10
Chr_6,499494,A,39,G,17
Chr_6,501353,C,0,T,6
Chr_6,501498,A,7,C,17
Chr_6,501946,A,6,T,6
Chr_6,502070,T,5,A,6
Chr_6,507451,C,9,T,21
Chr_6,507452,C,9,T,21
Chr_6,507571,C,10,T,7
Chr_6,512973,T,25,C,30
Chr_6,536504,T,2,A,228
Chr_6,540215,C,3,T,0
Chr_6,542130,C,35,T,30
Chr_6,543052,T,3,C,12
Chr_6,543598,C,12,T,24
Chr_6,543763,A,0,G,7
Chr_6,543804,T,0,A,10
Chr_6,544175,C,4,T,8
Chr_6,544813,T,0,C,19
Chr_6,545053,G,1,T,12
Chr_6,545095,A,5,G,9
Chr_6,545342,A,15,G,8
Chr_6,545473,T,5,A,14
Chr_6,545544,G,2,T,15
Chr_6,547289,A,12,T,20
Chr_6,547331,A,10,C,6
Chr_6,547357,G,6,T,7
Chr_6,547464,A,3,T,20
Chr_6,548401,C,1,G,4
Chr_6,551142,C,6,A,24
Chr_6,552057,G,7,A,0
Chr_6,553178,T,0,A,2
Chr_6,554112,A,9,G,24
Chr_6,554291,T,0,C,12
Chr_6,555333,A,1,G,1
Chr_6,555395,C,7,T,2
Chr_6,557640,A,2,T,7
Chr_6,559389,T,12,C,22
Chr_6,559740,C,8,T,8
Chr_6,560072,C,10,T,19
Chr_6,560098,T,9,G,20
Chr_6,560975,T,5,C,13
Chr_6,561034,A,7,T,9
Chr_6,561658,T,3,G,6
Chr_6,561882,A,8,G,11
Chr_6,565524,T,7,A,15
Chr_6,566034,T,12,C,31
Chr_6,566661,A,10,G,15
Chr_6,570590,T,6,A,5
Chr_6,571299,A,29,G,21
Chr_6,571418,A,30,G,14
Chr_6,577340,C,0,A,12
Chr_6,577785,A,0,T,9
Chr_6,577816,G,6,A,10
Chr_6,578301,T,8,C,18
Chr_6,578488,A,4,G,29
Chr_6,578693,C,0,T,17
Chr_6,580116,G,9,T,24
Chr_6,580423,G,7,T,25
Chr_6,580533,A,9,G,23
Chr_6,581418,C,5,A,15
Chr_6,582778,G,6,A,14
Chr_6,583249,A,3,C,8
Chr_6,584489,T,9,C,11
Chr_6,584717,G,0,T,10
Chr_6,585652,A,12,G,30
Chr_6,586052,A,0,T,11
Chr_6,586315,C,0,T,3
Chr_6,586342,A,1,G,3
Chr_6,586572,T,2,C,3
Chr_6,586747,G,5,A,14
Chr_6,587545,A,5,T,20
Chr_6,588109,G,5,A,13
Chr_6,589520,G,8,T,16
Chr_6,591003,A,2,C,10
Chr_6,591686,C,6,T,10
Chr_6,592395,T,0,A,13
Chr_6,592695,G,7,C,3
Chr_6,593250,A,17,G,9
Chr_6,593483,C,3,T,5
Chr_6,593609,A,10,C,22
Chr_6,593647,A,13,G,16
Chr_6,593664,A,10,G,16
Chr_6,596812,G,0,A,18
Chr_6,596896,G,0,A,21
Chr_6,598342,G,1,T,10
Chr_6,598489,G,3,A,11
Chr_6,598499,T,1,G,11
Chr_6,650280,T,4,A,18
Chr_6,654979,G,0,T,7
Chr_6,656448,A,15,G,8
Chr_6,664546,A,2,G,51
Chr_6,665471,T,4,C,31
Chr_6,665510,T,5,G,27
Chr_6,675514,A,14,T,6
Chr_6,683545,T,4,G,7
Chr_6,691180,T,5,A,16
Chr_6,693346,T,20,G,18
Chr_6,694819,C,8,T,8
Chr_6,695065,C,5,T,14
Chr_6,695066,A,5,T,13
Chr_6,695421,T,3,C,6
Chr_6,695429,A,3,T,6
Chr_6,696958,C,1,T,12
Chr_6,697110,A,2,T,18
Chr_6,697207,A,3,T,11
Chr_6,697949,T,0,A,11
Chr_6,698025,C,4,T,24
Chr_6,698321,T,2,A,6
Chr_6,699022,C,9,T,14
Chr_6,699080,G,8,A,11
Chr_6,699211,T,3,A,21
Chr_6,700669,A,1,G,18
Chr_6,700889,G,2,A,14
Chr_6,701058,G,7,A,15
Chr_6,701449,T,0,A,16
Chr_6,702129,C,7,A,20
Chr_6,703674,A,0,T,4
Chr_6,704149,G,1,C,7
Chr_6,707831,G,3,T,5
Chr_6,708178,A,12,G,6
Chr_6,708180,G,12,A,6
Chr_6,708534,T,0,C,23
Chr_6,708745,C,3,G,15
Chr_6,711032,T,7,C,23
Chr_6,711508,T,5,C,24
Chr_6,711835,C,46,T,0
Chr_6,712071,C,11,A,33
Chr_6,712988,A,4,T,9
Chr_6,713007,C,3,T,13
Chr_6,713113,G,3,A,12
Chr_6,715647,G,13,C,25
Chr_6,717010,G,6,A,15
Chr_6,718187,T,8,G,10
Chr_6,718836,A,4,C,5
Chr_6,719213,A,5,C,15
Chr_6,719740,A,0,T,20
Chr_6,720198,T,5,C,8
Chr_6,720599,C,0,G,3
Chr_6,720885,G,0,A,10
Chr_6,721173,G,0,A,6
Chr_6,721175,T,0,A,6
Chr_6,721431,T,9,G,13
Chr_6,721761,A,1,T,22
Chr_6,721831,A,6,C,15
Chr_6,722039,T,8,C,3
Chr_6,722235,T,7,C,14
Chr_6,722534,G,14,T,0
Chr_6,723896,T,0,C,20
Chr_6,724004,G,1,T,7
Chr_6,724016,T,1,A,6
Chr_6,724027,A,1,T,6
Chr_6,724224,G,10,T,5
Chr_6,724658,T,1,C,10
Chr_6,724858,G,5,C,16
Chr_6,725307,C,0,T,18
Chr_6,725312,G,0,T,16
Chr_6,725346,C,9,T,14
Chr_6,725575,G,10,A,24
Chr_6,725576,A,11,T,23
Chr_6,726863,A,2,G,18
Chr_6,727131,T,12,C,30
Chr_6,727250,A,7,C,15
Chr_6,727255,A,6,T,22
Chr_6,727341,A,4,C,15
Chr_6,727567,A,9,G,25
Chr_6,727691,C,6,T,29
Chr_6,728199,A,14,G,16
Chr_6,729241,G,4,T,7
Chr_6,729287,T,7,A,9
Chr_6,729339,T,4,C,20
Chr_6,729374,G,3,C,14
Chr_6,729407,T,0,C,14
Chr_6,729850,A,0,G,7
Chr_6,729852,G,0,C,7
Chr_6,730613,T,6,C,12
Chr_6,730703,G,8,A,11
Chr_6,731653,G,3,A,18
Chr_6,731717,T,10,C,9
Chr_6,732064,G,8,A,9
Chr_6,732487,T,4,C,21
Chr_6,732684,A,4,G,31
Chr_6,733282,A,7,G,7
Chr_6,733358,G,0,A,8
Chr_6,733375,A,3,G,7
Chr_6,733381,C,3,T,7
Chr_6,733421,G,7,A,7
Chr_6,733422,C,7,T,7
Chr_6,733435,T,8,A,7
Chr_6,733553,A,6,T,4
Chr_6,733578,C,3,A,4
Chr_6,733588,G,3,T,5
Chr_6,733604,A,5,T,5
Chr_6,733610,A,5,C,4
Chr_6,733629,T,7,G,4
Chr_6,733632,A,6,G,8
Chr_6,733680,T,3,C,13
Chr_6,733705,T,1,A,13
Chr_6,734617,C,4,T,6
Chr_6,734637,G,3,C,5
Chr_6,734643,C,3,A,5
Chr_6,734805,T,3,C,17
Chr_6,734949,A,3,C,13
Chr_6,735106,A,1,T,5
Chr_6,735123,T,6,C,7
Chr_6,735233,T,1,A,3
Chr_6,735271,C,3,T,9
Chr_6,735363,T,2,A,3
Chr_6,736020,C,8,T,39
Chr_6,736068,T,10,G,16
Chr_6,736327,C,7,T,5
Chr_6,736688,G,5,A,0
Chr_6,739270,G,1,A,19
Chr_6,740611,A,0,G,2
Chr_6,741226,A,0,T,14
Chr_6,742186,A,11,G,20
Chr_6,742258,A,5,C,16
Chr_6,742342,C,4,T,22
Chr_6,742885,C,6,G,25
Chr_6,742952,T,2,C,11
Chr_6,743249,A,5,T,9
Chr_6,743250,T,5,A,11
Chr_6,743346,C,7,T,13
Chr_6,743376,A,6,G,14
Chr_6,743377,G,3,A,15
Chr_6,743423,G,10,C,13
Chr_6,743430,T,11,A,12
Chr_6,743562,G,11,T,20
Chr_6,743719,A,0,G,5
Chr_6,743851,T,10,G,5
Chr_6,744020,G,1,T,3
Chr_6,744317,A,7,G,10
Chr_6,745948,C,2,T,12
Chr_6,746427,A,7,C,28
Chr_6,746802,T,14,A,15
Chr_6,746825,G,9,A,14
Chr_6,746956,A,16,T,31
Chr_6,747142,C,3,A,33
Chr_6,747192,C,0,G,12
Chr_6,747311,T,2,C,9
Chr_6,747500,C,3,T,14
Chr_6,747789,A,6,C,11
Chr_6,747805,T,6,G,12
Chr_6,747835,A,10,G,26
Chr_6,747897,T,8,A,20
Chr_6,748252,C,0,A,9
Chr_6,748429,A,0,G,8
Chr_6,748478,G,0,A,5
Chr_6,748503,G,0,C,7
Chr_6,748517,T,1,A,6
Chr_6,748540,A,1,T,7
Chr_6,748728,A,6,T,18
Chr_6,748756,G,6,T,16
Chr_6,748930,A,10,C,23
Chr_6,748999,A,3,C,44
Chr_6,749096,C,10,T,15
Chr_6,749097,T,8,C,17
Chr_6,749101,G,17,A,13
Chr_6,749334,T,2,C,17
Chr_6,749448,A,5,T,29
Chr_6,749641,C,9,T,32
Chr_6,749862,T,11,C,11
Chr_6,750472,G,2,A,18
Chr_6,750662,G,6,A,10
Chr_6,750802,C,7,T,11
Chr_6,750877,A,0,G,13
Chr_6,750889,A,0,C,20
Chr_6,750988,G,1,A,22
Chr_6,751213,C,0,T,17
Chr_6,751299,T,0,A,27
Chr_6,751311,G,0,A,22
Chr_6,751315,G,0,T,22
Chr_6,751369,C,1,A,20
Chr_6,751576,G,5,T,14
Chr_6,751943,T,5,A,9
Chr_6,752297,T,3,C,12
Chr_6,752354,A,0,G,17
Chr_6,752948,C,7,T,34
Chr_6,753246,G,3,A,6
Chr_6,753377,A,2,C,16
Chr_6,753795,A,5,T,10
Chr_6,754370,G,5,A,13
Chr_6,754566,T,5,C,17
Chr_6,754878,A,2,G,7
Chr_6,754883,A,2,T,7
Chr_6,755117,A,6,C,17
Chr_6,757133,C,13,T,5
Chr_6,757172,G,6,T,3
Chr_6,757173,T,6,A,3
Chr_6,757193,A,6,G,7
Chr_6,757209,T,8,A,6
Chr_6,757258,G,6,A,18
Chr_6,757858,C,7,T,2
Chr_6,758609,A,10,C,16
Chr_6,758620,G,0,A,19
Chr_6,758872,T,6,G,20
Chr_6,759033,G,9,A,15
Chr_6,759153,G,3,C,7
Chr_6,760718,G,2,A,24
Chr_6,761310,G,4,C,9
Chr_6,761657,C,0,T,15
Chr_6,761665,C,0,G,15
Chr_6,761949,T,6,C,23
Chr_6,761986,C,6,A,28
Chr_6,762169,T,2,C,24
Chr_6,762487,G,0,T,20
Chr_6,762489,T,0,C,20
Chr_6,763210,T,2,C,9
Chr_6,763534,G,3,A,17
Chr_6,763907,G,0,C,4
Chr_6,767647,T,0,C,21
Chr_6,767746,T,3,C,8
Chr_6,768172,C,5,A,34
Chr_6,770268,T,11,G,14
Chr_6,770445,C,6,T,25
Chr_6,770709,T,6,G,115
Chr_6,771145,T,0,G,36
Chr_6,771597,G,4,A,15
Chr_6,771616,T,0,A,24
Chr_6,771644,A,1,G,18
Chr_6,773894,A,12,T,18
Chr_6,777053,C,8,T,3
Chr_6,777686,A,13,G,21
Chr_6,777691,A,18,G,19
Chr_6,779422,A,4,G,10
Chr_6,787128,A,1,G,1
Chr_6,787375,G,1,C,10
Chr_6,789764,T,6,A,13
Chr_6,790660,A,3,G,7
Chr_6,790720,T,11,A,15
Chr_6,790852,T,3,C,20
Chr_6,791352,T,13,C,21
Chr_6,792747,C,11,T,13
Chr_6,792899,G,3,T,14
Chr_6,793548,A,0,G,16
Chr_6,793783,T,9,C,9
Chr_6,794784,T,1,C,19
Chr_6,798357,A,5,C,25
Chr_6,798423,T,0,A,18
Chr_6,798857,G,0,A,27
Chr_6,799285,T,18,A,15
Chr_6,799308,A,16,G,29
Chr_6,800024,T,0,C,22
Chr_6,800044,T,0,C,9
Chr_6,800125,G,5,A,11
Chr_6,803011,A,4,T,22
Chr_6,803040,T,1,G,21
Chr_6,805395,A,5,T,2
Chr_6,805410,G,6,A,13
Chr_6,805471,C,9,G,20
Chr_6,805478,T,8,G,19
Chr_6,805529,A,11,T,14
Chr_6,805550,A,11,T,13
Chr_6,805580,C,16,T,6
Chr_6,805728,C,10,A,8
Chr_6,805739,A,10,G,10
Chr_6,808412,T,6,A,15
Chr_6,809528,G,5,A,18
Chr_6,810918,G,2,T,12
Chr_6,816514,T,0,A,13
Chr_6,817347,T,7,A,4
Chr_6,817377,A,5,G,8
Chr_6,820045,A,0,G,7
Chr_6,821044,G,0,C,7
Chr_6,821252,T,2,G,8
Chr_6,832955,T,2,A,5
Chr_6,835387,G,12,C,17
Chr_6,835470,T,3,C,6
Chr_6,837892,C,4,G,1
Chr_6,842229,C,16,A,7
Chr_6,842395,C,5,G,32
Chr_6,843391,G,7,T,19
Chr_6,843392,T,7,C,19
Chr_6,844248,T,10,C,6
Chr_6,847483,T,10,A,11
Chr_6,847694,T,9,C,4
Chr_6,847697,C,9,T,10
Chr_6,849310,C,10,T,17
Chr_6,850221,G,3,A,9
Chr_6,852218,C,7,T,8
Chr_6,852355,T,0,C,8
Chr_6,852382,G,0,A,10
Chr_6,852393,A,0,G,11
Chr_6,852419,G,0,T,15
Chr_6,852836,G,4,A,30
Chr_6,852947,A,4,G,9
Chr_6,852960,G,8,A,12
Chr_6,852978,G,8,T,8
Chr_6,853209,C,10,T,2
Chr_6,853498,G,3,T,7
Chr_6,853538,T,5,G,18
Chr_6,853618,C,5,A,23
Chr_6,853832,A,0,G,15
Chr_6,853844,T,0,A,16
Chr_6,853852,A,0,T,16
Chr_6,854016,G,0,T,15
Chr_6,854199,G,7,T,17
Chr_6,854711,T,5,A,7
Chr_6,854817,C,1,G,26
Chr_6,855361,T,13,A,19
Chr_6,855404,G,9,C,16
Chr_6,855639,T,8,C,11
Chr_6,855794,A,8,T,16
Chr_6,855795,A,8,C,16
Chr_6,856038,G,4,A,6
Chr_6,856597,G,2,A,13
Chr_6,856703,G,6,A,21
Chr_6,857079,C,1,A,14
Chr_6,857164,A,7,T,11
Chr_6,857250,T,3,C,19
Chr_6,857289,C,3,A,29
Chr_6,857314,C,3,A,25
Chr_6,857330,C,9,G,29
Chr_6,857541,C,15,T,18
Chr_6,857678,C,3,T,10
Chr_6,857704,T,6,A,9
Chr_6,857727,G,13,A,7
Chr_6,857809,G,7,T,11
Chr_6,858148,G,0,A,24
Chr_6,858248,C,1,T,15
Chr_6,858950,A,7,C,25
Chr_6,859434,A,5,T,21
Chr_6,859615,C,8,T,13
Chr_6,859677,C,5,A,19
Chr_6,860164,T,8,C,22
Chr_6,860184,G,12,C,25
Chr_6,860268,T,13,A,4
Chr_6,860306,A,9,G,7
Chr_6,860530,G,8,A,2
Chr_6,860675,A,2,G,5
Chr_6,860733,G,5,A,7
Chr_6,860737,T,5,C,7
Chr_6,860759,C,5,T,7
Chr_6,860778,A,3,T,2
Chr_6,860780,A,3,T,2
Chr_6,860820,G,2,A,1
Chr_6,860848,G,1,C,4
Chr_6,860871,A,5,C,9
Chr_6,860890,A,4,G,10
Chr_6,860919,G,4,T,5
Chr_6,861015,G,4,T,0
Chr_6,861065,C,3,T,3
Chr_6,861150,T,12,G,15
Chr_6,861215,C,6,T,5
Chr_6,861270,A,1,G,3
Chr_6,861329,A,1,T,4
Chr_6,861441,T,0,A,5
Chr_6,861493,T,0,A,4
Chr_6,862191,T,6,A,18
Chr_6,862206,C,1,T,21
Chr_6,862240,T,6,A,20
Chr_6,862329,A,1,G,31
Chr_6,862344,G,1,T,30
Chr_6,862357,A,3,G,25
Chr_6,862481,A,3,T,20
Chr_6,862706,T,5,A,12
Chr_6,862865,C,11,T,3
Chr_6,862876,C,6,T,3
Chr_6,862903,T,6,C,4
Chr_6,862927,G,2,A,7
Chr_6,863242,A,1,G,23
Chr_6,863994,T,3,G,20
Chr_6,864042,G,0,A,22
Chr_6,864255,T,3,A,14
Chr_6,864485,G,4,T,23
Chr_6,864503,C,5,T,20
Chr_6,865956,C,8,T,2
Chr_6,866307,T,4,C,12
Chr_6,866472,C,5,T,16
Chr_6,866521,C,4,G,2
Chr_6,866564,A,8,G,14
Chr_6,866653,C,8,G,20
Chr_6,867340,T,5,C,5
Chr_6,867480,C,6,G,13
Chr_6,867539,G,10,A,5
Chr_6,867625,T,0,C,25
Chr_6,867654,G,0,A,17
Chr_6,867720,C,3,T,10
Chr_6,868442,C,5,T,11
Chr_6,868760,C,3,G,17
Chr_6,869939,T,15,A,13
Chr_6,869972,A,9,G,12
Chr_6,870706,C,6,T,30
Chr_6,871438,A,2,G,14
Chr_6,873542,A,5,C,6
Chr_6,873667,C,3,T,3
Chr_6,873755,C,1,A,4
Chr_6,874613,A,1,T,19
Chr_6,874915,C,1,T,19
Chr_6,875102,G,5,A,7
Chr_6,875675,C,7,G,5
Chr_6,876749,A,0,G,15
Chr_6,876776,T,2,C,17
Chr_6,876935,C,0,T,18
Chr_6,877034,G,6,A,29
Chr_6,877258,T,0,C,18
Chr_6,878710,C,4,T,29
Chr_6,880158,A,0,T,4
Chr_6,880169,T,0,A,6
Chr_6,880491,T,1,C,0
Chr_6,880664,G,6,A,2
Chr_6,880675,A,6,T,2
Chr_6,880750,A,0,G,4
Chr_6,880865,A,0,G,12
Chr_6,880973,A,1,C,13
Chr_6,881022,T,9,C,7
Chr_6,881341,C,2,G,13
Chr_6,881560,T,5,C,13
Chr_6,881693,A,5,T,18
Chr_6,881700,T,5,C,14
Chr_6,881707,C,5,T,12
Chr_6,881714,T,5,A,14
Chr_6,881748,T,5,C,15
Chr_6,881766,C,0,T,11
Chr_6,881902,T,3,C,24
Chr_6,882370,A,4,G,13
Chr_6,882955,G,15,A,0
Chr_6,883684,C,2,G,13
Chr_6,883686,C,2,T,13
Chr_6,883687,C,2,T,13
Chr_6,883928,T,3,C,27
Chr_6,883983,A,1,T,23
Chr_6,884064,G,2,C,35
Chr_6,884096,C,6,G,23
Chr_6,884381,T,12,G,3
Chr_6,884439,A,1,C,21
Chr_6,884547,G,3,C,8
Chr_6,884584,T,2,A,4
Chr_6,884779,T,9,A,10
Chr_6,884785,G,9,T,10
Chr_6,884830,C,10,T,11
Chr_6,884882,A,7,G,23
Chr_6,885199,C,3,T,3
Chr_6,885887,T,1,C,16
Chr_6,886074,T,10,A,17
Chr_6,886292,T,13,A,7
Chr_6,886306,G,2,C,7
Chr_6,886382,A,12,G,2
Chr_6,886497,T,4,C,4
Chr_6,886498,T,4,A,4
Chr_6,886582,G,5,T,19
Chr_6,886764,A,3,G,31
Chr_6,886857,C,10,T,17
Chr_6,887449,T,5,C,13
Chr_6,887507,C,0,G,13
Chr_6,887729,A,1,G,16
Chr_6,887751,T,1,C,11
Chr_6,887791,T,4,C,8
Chr_6,888128,T,1,A,15
Chr_6,888153,T,1,A,18
Chr_6,888200,T,0,A,6
Chr_6,888417,T,8,C,19
Chr_6,888488,C,0,T,13
Chr_6,888515,T,0,G,17
Chr_6,888519,G,0,A,17
Chr_6,888557,T,0,G,25
Chr_6,888574,G,0,A,17
Chr_6,888590,C,0,G,17
Chr_6,888608,A,0,C,15
Chr_6,888612,G,0,C,20
Chr_6,888620,G,0,C,20
Chr_6,888635,T,0,A,25
Chr_6,888640,T,0,A,30
Chr_6,888641,T,0,A,30
Chr_6,888688,G,8,T,20
Chr_6,888760,G,0,T,38
Chr_6,888765,T,0,A,38
Chr_6,888767,T,0,G,38
Chr_6,888768,T,0,A,38
Chr_6,888783,A,2,G,38
Chr_6,888804,T,2,G,31
Chr_6,888948,T,3,A,11
Chr_6,888979,A,3,T,10
Chr_6,889009,T,0,C,7
Chr_6,889029,C,0,T,3
Chr_6,889108,A,0,G,2
Chr_6,889114,G,0,A,3
Chr_6,889762,G,7,A,8
Chr_6,889801,T,1,C,8
Chr_6,890444,A,2,G,31
Chr_6,890517,A,9,G,16
Chr_6,890556,G,1,T,8
Chr_6,890560,T,1,C,8
Chr_6,890696,A,3,T,5
Chr_6,890698,C,3,A,5
Chr_6,890699,C,3,T,5
Chr_6,890721,C,7,T,4
Chr_6,890737,T,6,C,8
Chr_6,890836,A,5,G,0
Chr_6,891249,A,6,G,11
Chr_6,891845,A,0,T,4
Chr_6,891904,A,4,G,19
Chr_6,891946,C,9,T,18
Chr_6,892174,G,12,A,25
Chr_6,892253,T,9,A,18
Chr_6,892379,G,6,A,14
Chr_6,892404,T,4,C,18
Chr_6,892457,C,0,T,18
Chr_6,893219,A,10,G,18
Chr_6,893238,C,9,T,29
Chr_6,893339,A,20,C,18
Chr_6,893341,G,20,C,18
Chr_6,894004,G,8,C,16
Chr_6,894861,C,2,T,11
Chr_6,894894,T,2,C,5
Chr_6,895721,T,6,G,5
Chr_6,895964,G,13,C,18
Chr_6,896135,G,1,T,19
Chr_6,897081,T,3,A,6
Chr_6,897225,T,0,A,13
Chr_6,897235,G,0,T,11
Chr_6,897270,A,6,C,4
Chr_6,897280,A,6,T,4
Chr_6,897282,G,6,T,4
Chr_6,897434,C,1,T,19
Chr_6,897762,T,7,A,3
Chr_6,898024,C,2,G,16
Chr_6,898098,A,5,G,4
Chr_6,898715,G,2,C,21
Chr_6,898757,T,0,C,17
Chr_6,898815,A,5,T,17
Chr_6,898850,A,5,T,28
Chr_6,899668,G,0,A,7
Chr_6,899807,G,0,A,19
Chr_6,900136,T,4,C,21
Chr_6,900288,A,0,G,10
Chr_6,900363,C,0,T,20
Chr_6,900406,C,1,T,14
Chr_6,900591,T,3,C,34
Chr_6,900787,A,2,C,17
Chr_6,900805,G,2,C,19
Chr_6,900911,A,9,T,6
Chr_6,901025,C,5,A,10
Chr_6,901207,C,2,A,20
Chr_6,901222,T,4,A,23
Chr_6,901224,A,3,T,23
Chr_6,901288,C,12,T,25
Chr_6,901508,G,6,T,5
Chr_6,901513,T,5,G,6
Chr_6,901661,G,3,C,13
Chr_6,901876,G,6,C,17
Chr_6,901947,T,5,C,9
Chr_6,901997,A,0,T,4
Chr_6,902008,C,0,T,4
Chr_6,902378,G,1,C,2
Chr_6,902434,A,0,T,13
Chr_6,903263,C,2,G,36
Chr_6,903326,A,2,G,8
Chr_6,903440,A,3,G,18
Chr_6,903461,T,3,A,19
Chr_6,903503,T,3,A,22
Chr_6,903584,G,2,T,23
Chr_6,903622,C,9,T,25
Chr_6,903624,A,9,G,24
Chr_6,903781,T,7,C,12
Chr_6,904466,C,13,A,10
Chr_6,904554,A,8,T,9
Chr_6,904623,G,6,T,5
Chr_6,904667,T,12,A,13
Chr_6,904670,G,12,A,13
Chr_6,904705,T,7,C,16
Chr_6,904734,T,1,A,8
Chr_6,904735,T,1,A,8
Chr_6,904881,T,4,G,0
Chr_6,904910,T,2,C,5
Chr_6,904911,A,2,T,5
Chr_6,904984,C,1,A,12
Chr_6,905148,T,6,A,12
Chr_6,905602,A,13,G,20
Chr_6,905722,C,1,A,32
Chr_6,905743,A,0,G,29
Chr_6,906018,A,10,G,11
Chr_6,906025,A,13,G,10
Chr_6,906101,T,8,G,7
Chr_6,906103,T,8,A,7
Chr_6,906107,A,8,C,7
Chr_6,906130,A,12,T,8
Chr_6,906135,T,4,C,8
Chr_6,906141,C,5,T,9
Chr_6,906265,C,11,T,22
Chr_6,906434,T,3,C,8
Chr_6,906543,G,1,A,10
Chr_6,906544,G,1,A,10
Chr_6,906552,A,1,G,10
Chr_6,906835,G,14,C,30
Chr_6,907105,C,6,T,9
Chr_6,907214,A,4,C,3
Chr_6,907413,T,0,G,1
Chr_6,907561,T,3,A,12
Chr_6,907802,A,5,G,10
Chr_6,907886,T,11,A,20
Chr_6,907968,C,4,T,14
Chr_6,908034,G,1,A,22
Chr_6,908743,G,2,A,16
Chr_6,908744,C,2,T,16
Chr_6,908779,T,13,C,19
Chr_6,908841,C,16,G,2
Chr_6,909309,T,0,A,13
Chr_6,909407,G,0,A,11
Chr_6,909900,A,2,G,17
Chr_6,910663,C,11,T,32
Chr_6,910745,T,14,C,21
Chr_6,910816,T,4,C,16
Chr_6,910950,T,1,G,24
Chr_6,910952,A,1,T,24
Chr_6,911437,T,7,A,17
Chr_6,911498,G,5,C,17
Chr_6,911499,C,5,G,17
Chr_6,912115,A,12,G,18
Chr_6,913347,T,3,G,21
Chr_6,914231,G,0,T,16
Chr_6,915753,G,0,T,15
Chr_6,915762,T,2,C,15
Chr_6,915911,C,5,A,0
Chr_6,915927,A,4,G,2
Chr_6,915944,C,4,T,2
Chr_6,915979,A,4,T,3
Chr_6,916265,A,5,C,1
Chr_6,916367,G,18,T,16
Chr_6,916422,T,15,A,17
Chr_6,916702,A,2,T,2
Chr_6,917270,C,0,T,11
Chr_6,919932,T,11,A,0
Chr_6,921665,C,5,A,0
Chr_6,921666,T,1,C,15
Chr_6,921762,T,0,G,12
Chr_6,921831,C,0,A,16
Chr_6,921940,C,2,T,18
Chr_6,922069,G,7,A,13
Chr_6,922080,A,4,T,17
Chr_6,922192,T,0,C,14
Chr_6,922740,G,3,A,12
Chr_6,922946,G,2,A,6
Chr_6,922947,A,2,G,6
Chr_6,923017,C,7,T,7
Chr_6,923667,T,2,C,13
Chr_6,923785,C,1,A,0
Chr_6,923865,A,3,T,4
Chr_6,923877,T,12,A,0
Chr_6,924085,T,3,A,32
Chr_6,924088,G,3,C,27
Chr_6,924090,T,3,C,27
Chr_6,924091,A,3,G,27
Chr_6,924175,G,5,T,4
Chr_6,924515,A,2,G,14
Chr_6,925262,C,2,G,17
Chr_6,925393,A,6,G,10
Chr_6,925624,T,0,C,12
Chr_6,925797,A,5,G,1
Chr_6,925959,T,2,C,8
Chr_6,925984,C,0,A,6
Chr_6,926025,A,4,C,10
Chr_6,926046,T,4,A,10
Chr_6,927058,G,4,C,12
Chr_6,927760,C,4,T,8
Chr_6,928110,A,4,C,17
Chr_6,928197,G,3,A,1
Chr_6,928255,G,0,T,5
Chr_6,929708,G,11,C,15
Chr_6,929723,C,11,T,12
Chr_6,929865,C,4,T,18
Chr_6,929880,T,7,C,21
Chr_6,930273,T,4,C,23
Chr_6,930343,A,5,G,11
Chr_6,930386,G,3,A,12
Chr_6,930457,G,0,A,13
Chr_6,930646,G,7,A,3
Chr_6,931011,T,5,A,16
Chr_6,931075,T,2,C,15
Chr_6,931255,T,9,C,24
Chr_6,931378,C,6,T,18
Chr_6,931399,T,10,G,22
Chr_6,931407,T,10,A,24
Chr_6,931421,T,10,G,26
Chr_6,931422,A,10,C,26
Chr_6,931469,A,5,T,24
Chr_6,931480,A,5,G,16
Chr_6,931487,G,5,T,20
Chr_6,931582,T,1,C,28
Chr_6,931633,G,3,C,17
Chr_6,932425,A,3,C,14
Chr_6,932454,G,3,T,18
Chr_6,932976,T,4,C,2
Chr_6,933082,T,0,A,11
Chr_6,933085,T,0,A,11
Chr_6,933205,T,6,A,9
Chr_6,934205,G,9,T,10
Chr_6,938106,A,6,T,17
Chr_6,938177,A,2,G,10
Chr_6,938179,T,2,C,10
Chr_6,938341,A,7,G,24
Chr_6,939132,A,0,T,7
Chr_6,939271,G,1,T,17
Chr_6,939348,G,1,T,20
Chr_6,939546,A,8,T,37
Chr_6,939629,A,8,G,17
Chr_6,940408,G,2,C,14
Chr_6,940541,T,0,C,20
Chr_6,940546,G,0,A,20
Chr_6,940547,A,0,C,23
Chr_6,940600,A,4,T,24
Chr_6,940611,A,4,G,21
Chr_6,941001,G,3,A,10
Chr_6,941018,C,1,A,10
Chr_6,941036,G,1,A,7
Chr_6,941069,T,0,A,9
Chr_6,942147,A,3,T,4
Chr_6,942191,T,8,C,2
Chr_6,942338,A,0,G,7
Chr_6,942339,T,0,A,7
Chr_6,942358,T,0,A,11
Chr_6,942390,A,0,G,17
Chr_6,942452,T,0,A,6
Chr_6,942531,T,0,C,14
Chr_6,942571,A,1,G,9
Chr_6,942594,C,1,T,1
Chr_6,942634,T,1,A,19
Chr_6,942660,C,2,T,26
Chr_6,942681,G,2,C,20
Chr_6,942884,T,2,C,31
Chr_6,943008,T,17,C,9
Chr_6,943172,T,8,A,16
Chr_6,943219,A,10,C,23
Chr_6,943469,A,5,G,18
Chr_6,943501,T,7,C,7
Chr_6,943590,G,2,T,12
Chr_6,943607,G,4,A,17
Chr_6,943627,A,5,C,20
Chr_6,943685,T,5,G,22
Chr_6,943705,T,5,A,17
Chr_6,943715,A,5,G,16
Chr_6,943719,G,2,A,16
Chr_6,943771,G,3,A,17
Chr_6,944202,T,0,A,12
Chr_6,944353,C,12,A,14
Chr_6,945432,G,6,C,2
Chr_6,945470,T,8,A,5
Chr_6,945788,T,5,C,10
Chr_6,945853,A,2,T,7
Chr_6,946174,T,9,C,7
Chr_6,946290,T,3,C,17
Chr_6,946410,G,0,T,9
Chr_6,946426,T,0,C,10
Chr_6,946601,G,0,A,10
Chr_6,946918,C,1,G,4
Chr_6,947178,C,2,A,5
Chr_6,947222,T,5,G,20
Chr_6,947261,C,4,A,24
Chr_6,947790,C,0,T,16
Chr_6,947896,T,0,G,10
Chr_6,948279,C,6,T,13
Chr_6,949644,C,1,G,11
Chr_6,949773,G,0,T,5
Chr_6,949814,A,0,C,2
Chr_6,950079,A,1,T,0
Chr_6,951555,A,6,G,23
Chr_6,951623,T,3,A,21
Chr_6,951722,T,5,C,25
Chr_6,952072,T,1,G,13
Chr_6,952115,A,0,T,8
Chr_6,952130,C,2,A,4
Chr_6,952135,T,2,A,4
Chr_6,952242,A,4,T,22
Chr_6,952243,A,4,G,20
Chr_6,952331,A,0,G,14
Chr_6,952426,C,0,G,9
Chr_6,952434,A,4,C,12
Chr_6,952487,C,4,G,9
Chr_6,952494,G,4,A,9
Chr_6,952597,T,3,C,16
Chr_6,953351,G,0,T,9
Chr_6,953396,A,0,T,5
Chr_6,953555,T,0,G,13
Chr_6,953590,T,4,G,20
Chr_6,953676,C,3,A,10
Chr_6,953703,A,3,G,12
Chr_6,954216,G,7,A,9
Chr_6,954243,A,7,T,10
Chr_6,955563,A,6,T,16
Chr_6,955591,A,4,G,16
Chr_6,955682,A,2,C,25
Chr_6,956089,A,7,T,22
Chr_6,956328,C,4,T,17
Chr_6,957589,G,15,A,10
Chr_6,959073,G,7,T,7
Chr_6,959148,G,2,A,12
Chr_6,960489,T,9,C,21
Chr_6,961252,A,5,G,17
Chr_6,961353,A,7,G,4
Chr_6,961364,T,7,C,1
Chr_6,961447,G,3,A,7
Chr_6,962009,G,3,C,10
Chr_6,963444,T,0,G,11
Chr_6,963482,G,3,A,11
Chr_6,963496,G,3,A,10
Chr_6,963545,T,1,C,3
Chr_6,963770,G,0,A,12
Chr_6,963865,A,2,G,5
Chr_6,964146,C,1,T,23
Chr_6,964156,C,1,T,25
Chr_6,964597,T,3,G,23
Chr_6,964615,A,3,G,22
Chr_6,964760,G,4,T,10
Chr_6,965163,C,4,T,18
Chr_6,965196,G,3,A,17
Chr_6,965233,T,5,C,18
Chr_6,965251,T,5,G,17
Chr_6,966005,A,8,T,10
Chr_6,966020,C,8,G,13
Chr_6,966046,A,4,T,13
Chr_6,966634,C,8,T,8
Chr_6,966659,A,12,G,14
Chr_6,966850,T,7,A,15
Chr_6,966937,G,9,A,12
Chr_6,967233,T,4,A,9
Chr_6,967344,G,2,A,28
Chr_6,967353,A,0,G,22
Chr_6,967943,C,2,T,25
Chr_6,968103,T,1,G,18
Chr_6,968125,A,1,G,14
Chr_6,968159,C,5,T,10
Chr_6,968174,A,5,C,12
Chr_6,968937,T,0,A,15
Chr_6,969151,G,2,C,14
Chr_6,969213,T,1,C,27
Chr_6,969218,C,1,G,29
Chr_6,969303,C,3,G,13
Chr_6,970323,G,0,A,4
Chr_6,970761,A,4,C,7
Chr_6,970776,T,3,A,5
Chr_6,970805,T,0,A,5
Chr_6,970812,A,0,T,5
Chr_6,970820,T,0,A,5
Chr_6,970870,T,1,C,15
Chr_6,970985,A,15,G,11
Chr_6,971174,A,8,T,26
Chr_6,971204,C,10,T,19
Chr_6,971417,G,3,A,11
Chr_6,971437,A,3,T,12
Chr_6,971582,T,9,G,23
Chr_6,971684,A,8,G,24
Chr_6,971826,T,3,A,13
Chr_6,971851,C,1,T,8
Chr_6,972081,A,0,C,3
Chr_6,972574,C,18,T,12
Chr_6,973121,A,1,C,2
Chr_6,973390,T,4,A,19
Chr_6,973631,A,1,T,15
Chr_6,974007,A,5,T,18
Chr_6,974009,G,5,A,18
Chr_6,974015,A,5,G,18
Chr_6,974016,T,5,C,18
Chr_6,974031,G,1,A,23
Chr_6,974068,T,1,A,14
Chr_6,974098,T,1,C,18
Chr_6,974174,T,3,C,16
Chr_6,974175,A,3,C,16
Chr_6,974238,A,1,C,35
Chr_6,974263,G,1,A,29
Chr_6,974463,A,5,G,12
Chr_6,974527,A,6,T,19
Chr_6,974531,A,6,G,17
Chr_6,974723,G,1,C,13
Chr_6,974996,G,16,T,14
Chr_6,975300,T,0,G,11
Chr_6,976151,A,11,G,14
Chr_6,976360,A,12,T,18
Chr_6,976708,T,8,C,18
Chr_6,977038,T,10,A,19
Chr_6,977068,T,9,A,21
Chr_6,977071,T,9,C,21
Chr_6,977185,T,7,G,25
Chr_6,977317,C,0,G,32
Chr_6,977326,A,2,C,34
Chr_6,977335,T,2,A,32
Chr_6,977353,T,3,G,28
Chr_6,977371,G,3,T,34
Chr_6,977688,A,0,G,6
Chr_6,977788,T,1,G,8
Chr_6,978226,C,6,G,1
Chr_6,978232,C,6,T,1
Chr_6,978370,G,12,A,30
Chr_6,978672,T,6,A,7
Chr_6,978908,C,7,T,17
Chr_6,978982,A,8,G,16
Chr_6,979447,C,13,G,13
Chr_6,979718,T,3,A,15
Chr_6,980614,T,6,C,17
Chr_6,980838,C,3,T,18
Chr_6,980939,C,3,T,7
Chr_6,981017,G,10,T,13
Chr_6,981124,C,5,A,10
Chr_6,981335,A,7,G,29
Chr_6,981371,A,2,G,25
Chr_6,981384,T,2,C,17
Chr_6,981388,G,2,C,10
Chr_6,981396,T,3,C,7
Chr_6,981489,G,0,A,10
Chr_6,981793,T,13,C,14
Chr_6,981845,G,5,T,30
Chr_6,982027,G,1,C,29
Chr_6,982072,G,6,A,20
Chr_6,982105,G,4,A,15
Chr_6,982106,C,3,G,16
Chr_6,982131,C,3,T,17
Chr_6,982133,A,4,T,17
Chr_6,982146,A,4,G,16
Chr_6,982214,A,4,T,10
Chr_6,982773,C,6,G,10
Chr_6,982878,T,6,C,13
Chr_6,982898,A,8,C,15
Chr_6,982968,A,8,G,9
Chr_6,983031,C,6,T,6
Chr_6,983045,A,4,C,10
Chr_6,983047,G,4,A,8
Chr_6,983061,T,1,C,11
Chr_6,983065,T,1,C,11
Chr_6,983085,C,2,T,10
Chr_6,983528,T,2,G,18
Chr_6,983533,G,2,A,18
Chr_6,983636,C,1,T,19
Chr_6,983782,G,1,A,0
Chr_6,984047,T,0,C,21
Chr_6,984080,T,0,A,15
Chr_6,984082,C,0,T,15
Chr_6,984086,C,0,G,15
Chr_6,984171,C,7,A,18
Chr_6,984634,A,3,G,14
Chr_6,984635,A,3,C,14
Chr_6,984803,T,2,G,22
Chr_6,984980,C,9,A,22
Chr_6,985027,C,1,A,25
Chr_6,985354,C,9,T,17
Chr_6,985774,C,2,T,9
Chr_6,985873,T,0,G,15
Chr_6,986372,G,3,A,2
Chr_6,986383,C,3,G,2
Chr_6,986469,A,3,C,12
Chr_6,986475,G,3,T,12
Chr_6,986546,T,0,C,6
Chr_6,986677,A,5,T,15
Chr_6,987166,C,6,T,14
Chr_6,987318,T,0,C,2
Chr_6,987366,A,3,G,5
Chr_6,987720,T,10,C,22
Chr_6,987905,T,4,C,12
Chr_6,988099,A,5,G,22
Chr_6,989918,C,3,T,18
Chr_6,990250,A,1,G,10
Chr_6,990276,G,4,A,10
Chr_6,990934,C,0,T,7
Chr_6,990939,A,0,G,7
Chr_6,991042,C,0,T,4
Chr_6,991072,C,1,A,7
Chr_6,991120,C,2,T,13
Chr_6,991424,G,9,C,5
Chr_6,991673,A,8,G,14
Chr_6,991705,G,2,A,14
Chr_6,992469,G,7,T,14
Chr_6,992667,T,3,C,10
Chr_6,992822,A,9,T,16
Chr_6,993747,C,2,T,16
Chr_6,993802,A,5,G,11
Chr_6,994108,T,5,G,14
Chr_6,994118,T,4,C,20
Chr_6,994612,C,4,T,23
Chr_6,995733,G,7,A,7
Chr_6,995774,G,7,A,10
Chr_6,995786,T,5,A,9
Chr_6,995802,G,5,C,9
Chr_6,995868,A,3,C,2
Chr_6,996381,C,7,A,18
Chr_6,996614,C,2,A,26
Chr_6,996755,G,14,T,7
Chr_6,996829,T,10,A,10
Chr_6,997422,G,2,C,21
Chr_6,997533,A,1,G,17
Chr_6,997788,A,9,C,20
Chr_6,997825,A,2,G,23
Chr_6,998363,G,4,T,10
Chr_6,999638,G,6,C,7
Chr_6,999723,C,14,G,9
Chr_6,1000332,A,1,T,5
Chr_6,1000467,A,3,T,0
Chr_6,1000497,T,3,A,0
Chr_6,1000683,C,5,T,5
Chr_6,1001932,A,2,G,20
Chr_6,1002164,T,2,C,38
Chr_6,1002612,G,10,C,9
Chr_6,1002779,A,4,C,19
Chr_6,1003478,C,6,T,26
Chr_6,1005540,A,2,G,6
Chr_6,1006105,A,0,T,12
Chr_6,1009258,T,8,A,14
Chr_6,1009382,A,9,G,9
Chr_6,1009413,C,3,T,2
Chr_6,1009419,T,2,A,4
Chr_6,1009479,C,8,T,9
Chr_6,1009503,T,10,A,13
Chr_6,1009567,G,1,A,10
Chr_6,1009705,C,1,T,12
Chr_6,1010361,C,7,T,18
Chr_6,1013479,G,1,C,4
Chr_6,1013565,G,3,A,19
Chr_6,1013582,G,3,A,17
Chr_6,1013882,C,7,T,19
Chr_6,1013892,T,7,C,23
Chr_6,1014175,A,1,T,35
Chr_6,1014356,C,3,T,16
Chr_6,1014371,T,3,A,10
Chr_6,1014403,C,0,G,12
Chr_6,1014420,C,0,A,16
Chr_6,1014472,G,0,A,16
Chr_6,1015044,T,9,G,11
Chr_6,1015410,T,0,A,14
Chr_6,1015433,C,4,G,17
Chr_6,1015536,C,3,A,3
Chr_6,1015725,T,6,G,11
Chr_6,1015851,C,0,G,11
Chr_6,1016071,T,1,G,13
Chr_6,1016337,A,3,T,11
Chr_6,1016492,T,4,A,17
Chr_6,1016617,A,7,C,21
Chr_6,1020032,T,0,A,33
Chr_6,1020035,G,0,A,34
Chr_6,1020221,T,4,C,24
Chr_6,1020501,G,4,C,28
Chr_6,1020765,C,4,T,17
Chr_6,1020793,G,3,T,16
Chr_6,1020809,G,3,C,16
Chr_6,1020852,A,1,C,12
Chr_6,1020889,A,3,G,13
Chr_6,1020896,A,3,T,13
Chr_6,1020986,C,2,T,7
Chr_6,1021127,C,2,A,22
Chr_6,1021141,A,2,T,14
Chr_6,1021502,A,5,G,14
Chr_6,1021512,C,5,T,12
Chr_6,1021589,C,4,A,2
Chr_6,1021779,T,8,C,7
Chr_6,1021808,A,4,T,7
Chr_6,1022035,G,6,A,24
Chr_6,1022479,T,6,C,19
Chr_6,1022515,T,3,G,13
Chr_6,1022627,A,1,C,21
Chr_6,1022833,T,15,C,20
Chr_6,1022860,A,15,T,13
Chr_6,1022965,C,22,T,9
Chr_6,1023475,G,2,A,19
Chr_6,1023943,A,1,G,7
Chr_6,1023949,C,1,A,9
Chr_6,1024327,A,3,C,13
Chr_6,1024356,G,1,C,13
Chr_6,1024444,G,2,T,13
Chr_6,1024680,T,2,A,18
Chr_6,1024755,A,0,G,9
Chr_6,1024759,A,0,T,9
Chr_6,1024793,A,2,T,9
Chr_6,1024800,C,2,G,9
Chr_6,1025393,C,1,G,24
Chr_6,1025643,T,0,A,12
Chr_6,1025652,T,0,G,12
Chr_6,1025723,G,4,C,15
Chr_6,1025747,A,7,G,17
Chr_6,1025798,A,10,G,9
Chr_6,1025836,C,8,G,12
Chr_6,1025863,A,3,C,11
Chr_6,1025915,C,9,T,13
Chr_6,1025986,A,4,G,6
Chr_6,1026051,G,2,T,13
Chr_6,1026096,C,3,T,17
Chr_6,1026151,G,0,A,12
Chr_6,1026195,C,0,T,8
Chr_6,1026227,T,0,C,12
Chr_6,1026242,T,0,A,13
Chr_6,1026249,A,0,T,16
Chr_6,1026265,C,0,T,18
Chr_6,1026318,G,0,A,13
Chr_6,1026336,A,0,G,7
Chr_6,1026344,A,0,G,6
Chr_6,1026427,A,0,G,7
Chr_6,1026462,G,0,T,7
Chr_6,1026473,G,0,A,7
Chr_6,1026693,T,8,C,15
Chr_6,1026986,T,1,G,30
Chr_6,1027001,A,4,T,27
Chr_6,1027030,T,3,C,17
Chr_6,1027036,T,3,A,16
Chr_6,1027037,A,3,C,16
Chr_6,1027093,A,3,T,13
Chr_6,1027111,T,3,C,16
Chr_6,1027483,C,6,T,11
Chr_6,1027500,A,3,T,9
Chr_6,1027503,A,1,T,8
Chr_6,1029379,G,6,A,8
Chr_6,1029573,T,9,C,26
Chr_6,1030162,C,11,T,22
Chr_6,1030647,G,7,T,12
Chr_6,1030777,T,10,C,13
Chr_6,1030903,T,3,G,27
Chr_6,1030999,A,10,G,25
Chr_6,1031109,T,12,G,11
Chr_6,1031113,G,12,A,11
Chr_6,1031126,A,10,C,12
Chr_6,1031136,A,8,T,8
Chr_6,1031728,C,6,T,22
Chr_6,1032632,A,12,G,3
Chr_6,1032647,A,12,T,1
Chr_6,1032695,T,8,G,11
Chr_6,1032815,C,5,T,10
Chr_6,1032846,C,3,T,14
Chr_6,1032869,T,4,A,13
Chr_6,1032887,T,4,C,15
Chr_6,1033845,A,0,T,5
Chr_6,1034663,G,0,A,16
Chr_6,1034664,T,0,A,16
Chr_6,1037473,T,2,G,11
Chr_6,1037876,C,10,T,13
Chr_6,1039182,A,14,G,8
Chr_6,1039677,T,1,C,11
Chr_6,1039739,C,13,A,16
Chr_6,1039755,A,13,G,12
Chr_6,1039855,C,9,T,8
Chr_6,1040402,G,2,T,18
Chr_6,1040404,C,2,A,19
Chr_6,1040593,G,9,A,10
Chr_6,1040643,G,7,A,24
Chr_6,1040645,T,7,C,24
Chr_6,1040669,A,7,T,18
Chr_6,1040986,T,2,A,6
Chr_6,1041277,C,3,T,0
Chr_6,1041373,G,4,A,10
Chr_6,1041464,T,12,G,19
Chr_6,1042435,A,6,T,9
Chr_6,1042534,T,7,A,7
Chr_6,1042999,C,7,T,4
Chr_6,1043599,T,10,A,15
Chr_6,1044042,G,12,A,8
Chr_6,1044505,T,3,C,12
Chr_6,1044826,T,1,A,31
Chr_6,1046344,T,4,G,21
Chr_6,1046420,G,8,C,19
Chr_6,1046682,C,8,G,20
Chr_6,1046727,T,9,C,22
Chr_6,1046994,G,0,T,10
Chr_6,1047516,A,6,C,30
Chr_6,1047522,C,5,T,29
Chr_6,1047536,A,2,G,29
Chr_6,1047575,G,1,T,26
Chr_6,1047604,C,3,T,22
Chr_6,1047716,T,5,A,22
Chr_6,1047859,T,3,C,24
Chr_6,1048351,A,7,G,17
Chr_6,1048354,C,7,T,18
Chr_6,1048595,A,2,T,12
Chr_6,1048648,C,2,G,33
Chr_6,1048699,C,4,G,28
Chr_6,1048887,A,11,T,8
Chr_6,1048930,C,9,T,20
Chr_6,1048965,T,0,A,21
Chr_6,1048984,T,3,A,16
Chr_6,1049622,T,0,G,13
Chr_6,1050069,C,3,G,20
Chr_6,1050267,G,1,C,20
Chr_6,1050623,T,2,A,22
Chr_6,1050648,T,10,A,22
Chr_6,1050655,A,11,T,26
Chr_6,1050665,A,9,G,32
Chr_6,1050823,T,3,G,12
Chr_6,1050920,T,2,A,16
Chr_6,1050965,C,8,G,17
Chr_6,1050973,A,9,C,17
Chr_6,1051029,A,13,G,9
Chr_6,1051036,A,16,T,12
Chr_6,1051039,A,16,T,15
Chr_6,1051138,G,3,T,14
Chr_6,1051142,T,5,A,15
Chr_6,1051195,G,4,A,17
Chr_6,1051332,A,12,G,26
Chr_6,1051364,T,11,G,23
Chr_6,1051390,A,0,G,19
Chr_6,1051475,G,2,A,17
Chr_6,1051483,C,2,T,18
Chr_6,1051542,C,0,A,10
Chr_6,1051548,T,0,C,21
Chr_6,1051577,T,1,A,19
Chr_6,1051685,C,0,A,7
Chr_6,1052161,G,4,T,6
Chr_6,1052210,T,7,C,4
Chr_6,1052267,C,5,G,19
Chr_6,1052366,T,1,C,25
Chr_6,1052440,A,5,G,10
Chr_6,1052929,T,5,C,11
Chr_6,1052944,C,10,A,8
Chr_6,1053107,A,8,G,12
Chr_6,1053866,A,5,G,21
Chr_6,1054720,A,5,C,20
Chr_6,1054780,T,3,A,18
Chr_6,1054819,A,1,G,20
Chr_6,1054853,G,0,A,14
Chr_6,1054897,T,5,C,19
Chr_6,1055159,T,7,C,10
Chr_6,1055189,T,10,C,9
Chr_6,1055334,C,1,T,6
Chr_6,1055353,C,1,A,7
Chr_6,1055368,T,1,A,7
Chr_6,1055879,G,0,A,14
Chr_6,1056009,A,3,T,18
Chr_6,1056171,C,7,T,10
Chr_6,1056359,C,1,A,16
Chr_6,1056799,T,7,C,8
Chr_6,1057252,T,6,A,9
Chr_6,1057698,C,7,T,7
Chr_6,1058111,A,3,T,2
Chr_6,1058515,G,3,A,25
Chr_6,1058605,C,0,T,20
Chr_6,1058616,G,0,A,19
Chr_6,1058693,G,3,T,17
Chr_6,1058698,A,0,T,15
Chr_6,1058719,T,1,A,6
Chr_6,1060171,C,3,T,13
Chr_6,1060700,A,4,T,11
Chr_6,1060703,G,4,A,11
Chr_6,1060761,A,2,G,17
Chr_6,1060777,T,4,A,17
Chr_6,1060778,T,4,G,17
Chr_6,1060808,T,2,C,2
Chr_6,1060840,A,3,T,2
Chr_6,1060855,C,3,G,4
Chr_6,1060868,A,0,G,11
Chr_6,1060888,G,0,A,8
Chr_6,1060889,G,0,A,8
Chr_6,1060896,G,0,A,13
Chr_6,1060947,T,4,C,13
Chr_6,1061016,G,2,A,4
Chr_6,1061040,A,2,T,2
Chr_6,1061068,C,0,A,5
Chr_6,1061130,G,5,C,12
Chr_6,1061959,G,12,A,13
Chr_6,1062039,G,5,A,17
Chr_6,1062123,C,0,T,12
Chr_6,1063115,A,1,G,5
Chr_6,1063116,A,1,T,0
Chr_6,1063118,G,6,A,0
Chr_6,1063703,G,6,T,29
Chr_6,1063775,A,14,T,14
Chr_6,1063795,G,3,T,18
Chr_6,1063803,A,0,G,11
Chr_6,1063813,C,0,T,11
Chr_6,1063817,T,2,A,9
Chr_6,1063862,G,6,C,6
Chr_6,1064728,C,4,G,15
Chr_6,1064759,T,4,C,19
Chr_6,1067484,T,2,C,32
Chr_6,1067534,A,0,C,28
Chr_6,1067545,T,0,C,27
Chr_6,1067703,T,4,A,13
Chr_6,1067824,T,3,C,30
Chr_6,1067877,G,1,C,21
Chr_6,1067979,C,2,G,5
Chr_6,1068064,C,4,T,8
Chr_6,1068124,G,1,A,15
Chr_6,1068251,C,6,G,14
Chr_6,1069496,G,4,T,13
Chr_6,1069877,G,0,A,42
Chr_6,1069920,C,0,T,21
Chr_6,1070009,C,0,T,23
Chr_6,1070885,G,6,A,13
Chr_6,1071368,A,2,G,17
Chr_6,1071369,A,2,C,17
Chr_6,1071388,A,8,C,24
Chr_6,1071416,C,8,T,18
Chr_6,1071433,T,8,A,19
Chr_6,1071621,T,3,C,19
Chr_6,1073278,A,2,G,24
Chr_6,1073534,G,7,T,18
Chr_6,1073573,C,5,T,12
Chr_6,1073784,T,0,C,16
Chr_6,1073787,C,0,T,18
Chr_6,1073828,T,7,G,10
Chr_6,1073949,T,5,A,2
Chr_6,1074196,T,0,G,8
Chr_6,1074206,T,0,G,9
Chr_6,1074379,C,2,T,10
Chr_6,1074391,C,2,G,6
Chr_6,1074398,A,2,T,16
Chr_6,1074444,G,5,C,16
Chr_6,1074523,T,9,A,30
Chr_6,1074561,A,6,T,18
Chr_6,1074725,T,7,C,24
Chr_6,1074853,A,20,T,26
Chr_6,1075052,C,4,T,9
Chr_6,1075395,T,3,C,13
Chr_6,1075530,A,0,G,19
Chr_6,1076957,A,9,G,19
Chr_6,1077514,A,2,T,16
Chr_6,1077519,A,5,C,15
Chr_6,1077539,T,5,C,11
Chr_6,1077557,G,5,C,13
Chr_6,1077619,G,5,A,20
Chr_6,1077666,A,2,C,11
Chr_6,1077871,G,9,A,15
Chr_6,1078153,T,3,G,12
Chr_6,1078345,A,1,C,0
Chr_6,1079002,G,0,T,10
Chr_6,1079042,A,0,T,8
Chr_6,1079144,C,1,A,5
Chr_6,1079188,T,0,C,10
Chr_6,1079304,T,4,A,26
Chr_6,1079306,A,4,T,26
Chr_6,1079415,T,24,A,0
Chr_6,1079417,G,27,A,0
Chr_6,1079421,G,0,A,28
Chr_6,1080198,C,1,G,58
Chr_6,1080453,G,4,C,25
Chr_6,1080581,A,17,T,51
Chr_6,1080585,T,18,C,44
Chr_6,1080641,A,5,C,28
Chr_6,1080645,C,3,T,28
Chr_6,1080749,T,2,G,39
Chr_6,1080763,G,1,T,34
Chr_6,1080764,C,0,T,34
Chr_6,1081185,G,3,T,35
Chr_6,1081186,T,3,A,35
Chr_6,1081209,A,4,G,17
Chr_6,1081221,G,4,A,17
Chr_6,1081339,T,0,A,15
Chr_6,1081396,C,0,T,6
Chr_6,1081404,T,0,A,6
Chr_6,1081528,C,2,T,7
Chr_6,1081576,A,4,G,18
Chr_6,1081600,T,7,C,17
Chr_6,1081611,C,9,T,19
Chr_6,1081615,T,9,C,17
Chr_6,1081850,A,8,C,10
Chr_6,1081858,C,9,T,10
Chr_6,1081899,C,22,T,23
Chr_6,1081916,T,14,A,23
Chr_6,1081925,T,13,C,27
Chr_6,1082255,G,6,A,8
Chr_6,1082422,T,3,C,24
Chr_6,1082465,A,7,G,22
Chr_6,1082513,G,5,A,31
Chr_6,1082599,A,8,C,24
Chr_6,1082667,T,9,C,33
Chr_6,1082969,T,11,C,34
Chr_6,1083054,A,92,G,6
Chr_6,1083068,T,8,C,54
Chr_6,1083205,C,7,T,11
Chr_6,1083344,C,0,A,33
Chr_6,1083362,T,1,C,58
Chr_6,1083382,G,1,A,82
Chr_6,1083462,C,5,T,19
Chr_6,1083471,T,5,C,21
Chr_6,1083484,T,1,C,22
Chr_6,1083492,C,1,G,25
Chr_6,1083536,T,1,C,38
Chr_6,1083580,T,5,A,53
Chr_6,1083706,C,18,G,25
Chr_6,1083710,A,6,G,22
Chr_6,1083735,G,9,C,19
Chr_6,1083741,A,13,C,14
Chr_6,1084042,A,2,G,18
Chr_6,1084165,A,0,T,4
Chr_6,1084289,A,4,G,25
Chr_6,1084459,T,5,A,28
Chr_6,1084651,T,9,C,67
Chr_6,1085023,C,1,T,5
Chr_6,1085122,G,16,C,17
Chr_6,1085129,A,13,T,19
Chr_6,1085828,C,7,G,17
Chr_6,1085869,T,7,C,18
Chr_6,1085872,C,7,A,18
Chr_6,1085896,C,10,T,13
Chr_6,1085929,A,10,C,16
Chr_6,1085985,T,3,A,23
Chr_6,1086088,T,4,C,13
Chr_6,1086168,G,0,A,8
Chr_6,1086236,T,0,C,17
Chr_6,1086693,C,6,A,10
Chr_6,1086723,C,3,T,11
Chr_6,1087005,C,3,T,18
Chr_6,1087420,G,1,A,20
Chr_6,1087573,T,8,C,9
Chr_6,1087919,G,2,A,14
Chr_6,1088305,A,3,G,1
Chr_6,1088361,G,3,T,1
Chr_6,1088375,T,0,C,1
Chr_6,1089077,A,7,G,13
Chr_6,1089096,T,11,A,10
Chr_6,1089211,C,0,T,20
Chr_6,1089276,T,0,A,28
Chr_6,1089277,A,0,T,28
Chr_6,1089431,T,5,A,2
Chr_6,1089916,T,9,C,12
Chr_6,1089979,A,6,G,26
Chr_6,1090061,G,4,A,13
Chr_6,1090784,G,8,C,15
Chr_6,1091080,C,4,T,13
Chr_6,1091090,A,0,C,13
Chr_6,1091112,G,0,C,10
Chr_6,1091298,G,13,T,28
Chr_6,1091330,A,17,T,26
Chr_6,1091343,C,17,A,14
Chr_6,1091375,T,12,A,7
Chr_6,1091413,T,14,C,2
Chr_6,1091425,G,10,T,2
Chr_6,1091665,A,8,G,12
Chr_6,1091832,T,4,G,17
Chr_6,1091847,T,4,C,13
Chr_6,1091935,A,0,T,5
Chr_6,1091964,T,0,G,5
Chr_6,1092136,A,6,G,19
Chr_6,1092237,G,8,T,18
Chr_6,1092715,G,0,A,6
Chr_6,1092868,A,3,G,33
Chr_6,1092969,T,13,C,14
Chr_6,1093159,T,6,A,25
Chr_6,1093193,C,2,T,41
Chr_6,1093231,T,1,A,32
Chr_6,1093490,G,7,C,36
Chr_6,1094634,A,4,T,13
Chr_6,1094800,C,3,A,17
Chr_6,1094828,A,0,T,20
Chr_6,1094881,G,5,T,24
Chr_6,1095708,G,4,A,9
Chr_6,1095751,A,10,T,10
Chr_6,1095755,G,10,A,10
Chr_6,1095764,C,10,A,10
Chr_6,1096024,A,2,C,12
Chr_6,1097064,G,8,T,9
Chr_6,1097065,G,8,C,9
Chr_6,1098459,A,7,C,18
Chr_6,1098608,C,14,G,12
Chr_6,1098998,G,12,A,23
Chr_6,1100287,C,1,T,15
Chr_6,1100332,T,0,G,19
Chr_6,1100340,C,0,T,15
Chr_6,1100447,A,6,C,12
Chr_6,1100488,G,1,C,7
Chr_6,1101158,A,0,T,8
Chr_6,1101244,G,2,T,17
Chr_6,1101274,A,2,C,7
Chr_6,1101287,C,0,G,9
Chr_6,1101293,A,0,C,8
Chr_6,1101305,T,0,A,8
Chr_6,1101340,A,2,G,7
Chr_6,1101918,C,4,G,20
Chr_6,1103018,A,5,G,19
Chr_6,1103171,G,6,T,20
Chr_6,1103173,T,6,A,20
Chr_6,1103764,A,9,G,19
Chr_6,1103871,G,3,C,4
Chr_6,1103875,C,3,G,4
Chr_6,1103887,G,3,A,8
Chr_6,1104005,A,3,G,10
Chr_6,1104022,C,6,T,10
Chr_6,1104727,A,1,T,15
Chr_6,1104805,A,2,T,11
Chr_6,1104826,C,6,T,13
Chr_6,1104910,A,0,C,17
Chr_6,1105089,T,11,C,18
Chr_6,1105098,G,11,A,17
Chr_6,1105191,G,4,T,22
Chr_6,1106101,A,0,T,20
Chr_6,1106794,C,2,T,11
Chr_6,1106820,G,4,A,16
Chr_6,1107325,G,7,A,5
Chr_6,1107631,A,0,G,17
Chr_6,1107690,A,29,G,22
Chr_6,1107693,T,21,C,30
Chr_6,1107694,T,21,A,27
Chr_6,1107961,G,2,T,14
Chr_6,1107967,T,2,C,9
Chr_6,1107998,G,3,A,8
Chr_6,1108079,T,7,A,18
Chr_6,1108089,G,4,A,19
Chr_6,1108127,A,2,T,19
Chr_6,1108509,T,8,A,26
Chr_6,1108532,C,9,A,13
Chr_6,1108584,C,2,T,6
Chr_6,1108644,C,5,A,3
Chr_6,1108680,T,6,C,4
Chr_6,1108685,T,6,C,4
Chr_6,1108928,G,2,T,9
Chr_6,1109086,C,2,T,15
Chr_6,1109622,T,2,A,9
Chr_6,1109777,T,3,A,6
Chr_6,1109873,C,12,T,7
Chr_6,1110032,G,16,T,2
Chr_6,1110073,C,17,T,19
Chr_6,1110649,T,1,C,10
Chr_6,1110708,G,1,T,11
Chr_6,1110717,A,1,C,12
Chr_6,1110731,G,0,C,12
Chr_6,1110812,G,0,C,5
Chr_6,1110832,A,0,C,6
Chr_6,1111398,T,9,C,12
Chr_6,1111658,T,10,A,13
Chr_6,1111791,A,7,T,13
Chr_6,1111839,C,9,A,15
Chr_6,1111840,A,7,C,15
Chr_6,1111856,T,8,C,12
Chr_6,1111890,T,7,A,8
Chr_6,1111959,G,8,T,10
Chr_6,1112843,T,4,C,11
Chr_6,1113039,T,12,G,8
Chr_6,1114008,T,4,C,1
Chr_6,1114070,A,6,C,6
Chr_6,1114159,C,5,T,17
Chr_6,1114228,T,4,C,14
Chr_6,1114889,G,3,T,5
Chr_6,1114910,T,5,C,7
Chr_6,1115751,C,9,T,0
Chr_6,1115767,A,9,C,0
Chr_6,1116317,A,6,T,3
Chr_6,1116330,G,4,A,3
Chr_6,1116332,A,4,G,4
Chr_6,1116343,G,4,A,5
Chr_6,1116404,T,2,A,10
Chr_6,1116543,G,7,A,9
Chr_6,1116636,G,11,A,16
Chr_6,1116645,G,8,T,17
Chr_6,1116671,A,6,T,18
Chr_6,1116685,A,2,T,20
Chr_6,1116773,G,10,C,3
Chr_6,1116893,C,8,T,3
Chr_6,1116920,A,7,G,5
Chr_6,1116973,T,4,C,12
Chr_6,1117128,A,9,T,32
Chr_6,1117307,C,7,T,5
Chr_6,1117697,T,1,C,20
Chr_6,1117770,C,2,T,6
Chr_6,1117784,G,0,A,8
Chr_6,1117799,G,0,T,10
Chr_6,1117811,G,6,A,16
Chr_6,1117947,A,10,G,12
Chr_6,1118018,G,20,T,17
Chr_6,1118176,G,4,A,23
Chr_6,1118235,A,4,G,15
Chr_6,1118613,T,5,C,24
Chr_6,1118730,A,5,T,6
Chr_6,1118802,T,1,G,6
Chr_6,1118866,A,11,C,24
Chr_6,1119067,G,2,C,19
Chr_6,1119074,G,2,C,20
Chr_6,1119615,T,1,A,6
Chr_6,1119696,T,2,G,25
Chr_6,1127588,T,7,C,20
Chr_6,1127590,A,7,T,20
Chr_6,1128307,C,2,A,0
Chr_6,1128308,C,2,G,0
Chr_6,1129280,T,5,G,19
Chr_6,1129309,A,5,G,13
Chr_6,1132177,C,0,A,20
Chr_6,1132502,A,1,T,13
Chr_6,1134127,T,0,C,32
Chr_6,1135203,T,4,C,17
Chr_6,1137140,T,5,C,13
Chr_6,1137334,T,1,A,30
Chr_6,1139320,A,2,G,6
Chr_6,1139543,T,0,A,4
Chr_6,1139872,A,6,C,2
Chr_6,1140108,G,0,T,11
Chr_6,1140231,A,3,T,5
Chr_6,1140602,T,3,G,25
Chr_6,1142730,C,4,T,15
Chr_6,1144128,A,3,G,16
Chr_6,1145713,C,3,T,23
Chr_6,1146166,C,1,T,7
Chr_6,1150314,T,2,A,18
Chr_6,1150523,G,6,A,10
Chr_6,1150686,C,0,T,14
Chr_6,1151244,A,6,T,7
Chr_6,1151811,A,1,G,14
Chr_6,1152002,C,4,T,18
Chr_6,1152661,T,0,A,2
Chr_6,1154059,A,12,G,35
Chr_6,1154445,T,3,A,24
Chr_6,1155685,T,5,A,9
Chr_6,1158353,A,11,G,15
Chr_6,1158542,G,8,C,12
Chr_6,1158554,G,9,A,8
Chr_6,1159222,T,6,A,7
Chr_6,1160516,T,6,C,10
Chr_6,1160526,T,6,A,7
Chr_6,1160713,A,10,G,23
Chr_6,1160788,A,3,T,4
Chr_6,1160995,G,0,C,2
Chr_6,1161172,C,0,A,4
Chr_6,1161894,A,3,T,17
Chr_6,1162009,C,7,T,14
Chr_6,1162451,G,15,A,22
Chr_6,1164026,A,19,T,16
Chr_6,1164061,G,13,A,12
Chr_6,1164370,C,6,T,13
Chr_6,1164583,A,5,G,17
Chr_6,1165170,G,4,A,1
Chr_6,1165176,G,3,A,2
Chr_6,1165485,G,9,C,8
Chr_6,1166103,T,9,A,17
Chr_6,1166698,C,6,A,10
Chr_6,1166912,G,14,T,7
Chr_6,1167238,C,12,T,25
Chr_6,1167881,T,6,C,19
Chr_6,1167889,A,6,T,19
Chr_6,1168560,C,0,G,14
Chr_6,1168745,C,1,T,16
Chr_6,1169262,A,3,T,12
Chr_6,1169598,G,11,A,20
Chr_6,1171078,T,2,G,19
Chr_6,1171227,G,1,T,16
Chr_6,1171375,C,2,T,14
Chr_6,1171817,G,7,A,19
Chr_6,1173669,G,1,A,18
Chr_6,1173998,G,2,C,4
Chr_6,1174574,T,0,G,6
Chr_6,1174598,C,0,G,6
Chr_6,1176092,T,5,A,11
Chr_6,1177269,A,2,C,13
Chr_6,1177356,T,1,A,6
Chr_6,1177758,A,5,T,17
Chr_6,1178418,T,8,G,14
Chr_6,1179178,G,2,A,16
Chr_6,1179239,G,6,C,11
Chr_6,1179376,T,2,C,12
Chr_6,1179789,G,1,A,10
Chr_6,1181871,T,4,C,21
Chr_6,1182012,C,2,T,28
Chr_6,1184428,A,10,G,15
Chr_6,1184494,A,2,G,14
Chr_6,1185422,A,4,T,24
Chr_6,1185919,C,1,A,0
Chr_6,1185943,C,0,T,2
Chr_6,1187314,C,0,T,24
Chr_6,1187601,C,11,T,14
Chr_6,1187621,T,9,C,17
Chr_6,1188192,G,1,T,6
Chr_6,1188784,A,2,G,6
Chr_6,1189195,T,3,A,16
Chr_6,1189234,C,4,A,16
Chr_6,1190090,G,4,T,23
Chr_6,1190092,G,4,C,23
Chr_6,1190691,A,6,T,13
Chr_6,1191520,A,1,T,26
Chr_6,1191555,A,4,G,17
Chr_6,1191589,G,4,C,13
Chr_6,1191597,T,2,C,16
Chr_6,1193450,A,0,T,13
Chr_6,1193633,T,0,A,29
Chr_6,1193844,T,5,C,16
Chr_6,1193854,C,4,T,10
Chr_6,1193856,G,9,A,10
Chr_6,1193998,T,12,C,5
Chr_6,1194028,G,15,A,1
Chr_6,1194088,G,11,A,15
Chr_6,1194463,T,1,G,21
Chr_6,1195510,A,10,G,8
Chr_6,1195682,G,8,A,13
Chr_6,1195821,A,4,T,16
Chr_6,1195862,C,6,A,10
Chr_6,1195872,T,6,C,8
Chr_6,1195874,G,6,A,8
Chr_6,1195877,A,6,G,10
Chr_6,1195881,C,6,T,13
Chr_6,1195905,T,2,G,8
Chr_6,1195921,C,2,A,8
Chr_6,1195952,T,0,A,4
Chr_6,1196067,A,0,T,5
Chr_6,1196345,C,18,A,8
Chr_6,1197265,C,3,G,10
Chr_6,1197408,T,2,C,10
Chr_6,1199494,C,9,T,8
Chr_6,1199655,T,4,A,12
Chr_6,1199679,A,1,T,15
Chr_6,1199763,C,2,A,12
Chr_6,1199790,T,2,C,19
Chr_6,1201072,G,7,T,3
Chr_6,1201078,A,3,G,3
Chr_6,1201276,C,2,T,4
Chr_6,1201324,A,2,T,14
Chr_6,1201325,C,2,G,14
Chr_6,1201335,C,1,A,10
Chr_6,1202431,T,2,C,15
Chr_6,1202480,A,3,C,16
Chr_6,1202506,A,2,G,17
Chr_6,1202593,G,10,T,15
Chr_6,1202598,T,10,G,15
Chr_6,1202674,T,9,G,7
Chr_6,1202925,G,8,C,9
Chr_6,1203063,T,9,A,14
Chr_6,1203107,T,7,C,16
Chr_6,1203293,T,0,C,15
Chr_6,1203328,T,0,A,15
Chr_6,1204078,A,0,T,5
Chr_6,1204085,A,0,T,5
Chr_6,1204099,T,0,A,5
Chr_6,1204839,T,0,A,24
Chr_6,1204904,C,0,A,24
Chr_6,1204971,A,5,G,12
Chr_6,1204974,G,5,A,12
Chr_6,1204977,C,7,G,12
Chr_6,1205826,G,8,A,15
Chr_6,1206028,C,7,G,20
Chr_6,1207519,A,0,T,5
Chr_6,1207700,C,7,T,10
Chr_6,1208073,C,13,G,8
Chr_6,1208423,A,2,T,17
Chr_6,1208464,G,5,A,16
Chr_6,1208522,G,2,C,14
Chr_6,1208559,T,1,A,14
Chr_6,1208666,C,1,T,16
Chr_6,1208744,T,2,C,12
Chr_6,1208867,G,9,A,18
Chr_6,1208946,C,5,T,9
Chr_6,1209070,A,0,G,4
Chr_6,1209073,T,0,G,4
Chr_6,1209550,A,0,T,6
Chr_6,1210079,A,7,T,19
Chr_6,1210328,T,7,C,16
Chr_6,1210409,T,15,C,5
Chr_6,1210410,G,15,A,5
Chr_6,1210462,T,3,C,6
Chr_6,1210955,A,0,G,14
Chr_6,1211368,C,11,T,16
Chr_6,1211459,T,1,G,16
Chr_6,1211608,A,12,C,14
Chr_6,1211883,T,5,C,18
Chr_6,1211963,C,3,G,15
Chr_6,1212772,A,0,G,9
Chr_6,1212865,G,4,A,14
Chr_6,1212866,A,4,T,14
Chr_6,1213334,T,4,G,7
Chr_6,1213337,G,4,T,7
Chr_6,1213380,T,0,G,11
Chr_6,1213420,A,5,G,13
Chr_6,1213431,A,5,G,11
Chr_6,1213752,A,2,G,16
Chr_6,1213786,C,6,G,10
Chr_6,1213807,A,4,C,12
Chr_6,1213809,T,4,A,12
Chr_6,1214122,G,6,C,12
Chr_6,1214129,G,6,T,13
Chr_6,1214150,G,6,A,6
Chr_6,1214192,G,7,C,13
Chr_6,1214212,T,3,A,9
Chr_6,1214217,A,3,T,9
Chr_6,1214225,A,3,G,9
Chr_6,1214331,A,3,G,13
Chr_6,1214391,A,1,G,7
Chr_6,1214472,C,12,A,5
Chr_6,1214499,T,17,G,8
Chr_6,1214507,T,17,C,5
Chr_6,1214511,C,7,T,14
Chr_6,1214518,G,21,A,4
Chr_6,1214723,A,20,C,2
Chr_6,1214784,T,6,C,19
Chr_6,1214789,C,6,G,18
Chr_6,1214892,C,3,A,15
Chr_6,1215092,T,1,A,15
Chr_6,1215339,T,1,C,11
Chr_6,1215348,A,1,C,9
Chr_6,1215365,C,1,T,11
Chr_6,1215542,A,0,T,10
Chr_6,1215543,A,0,T,10
Chr_6,1215943,G,0,T,9
Chr_6,1216020,C,4,G,11
Chr_6,1217245,G,5,A,16
Chr_6,1217716,C,7,G,7
Chr_6,1218153,C,4,T,19
Chr_6,1219063,A,5,C,9
Chr_6,1219145,G,0,T,9
Chr_6,1219209,T,2,C,17
Chr_6,1219236,C,2,T,21
Chr_6,1219303,T,2,C,9
Chr_6,1219539,A,0,G,12
Chr_6,1219853,G,5,C,29
Chr_6,1219883,T,5,G,24
Chr_6,1219975,T,7,A,18
Chr_6,1220052,G,5,C,39
Chr_6,1220127,C,8,G,24
Chr_6,1220575,G,0,C,16
Chr_6,1221027,T,9,C,22
Chr_6,1221035,A,9,G,23
Chr_6,1221772,T,2,C,15
Chr_6,1222144,A,4,T,4
Chr_6,1222365,C,6,T,17
Chr_6,1223077,C,10,T,18
Chr_6,1223531,G,9,A,6
Chr_6,1223585,A,7,C,5
Chr_6,1226419,C,1,A,16
Chr_6,1226497,G,8,T,21
Chr_6,1226500,C,8,A,20
Chr_6,1226511,A,7,T,22
Chr_6,1226900,T,0,C,6
Chr_6,1227304,G,8,A,9
Chr_6,1228696,A,0,T,15
Chr_6,1228716,G,0,C,14
Chr_6,1229394,T,1,A,6
Chr_6,1229483,C,6,T,12
Chr_6,1229499,A,10,T,8
Chr_6,1229734,T,10,G,14
Chr_6,1229823,A,4,C,18
Chr_6,1229936,C,5,T,14
Chr_6,1230703,T,10,C,19
Chr_6,1232203,G,11,T,25
Chr_6,1233429,G,2,C,6
Chr_6,1236564,G,9,A,23
Chr_6,1237224,T,5,C,19
Chr_6,1239263,C,6,G,18
Chr_6,1239273,G,6,C,20
Chr_6,1240517,G,7,C,10
Chr_6,1242547,A,6,T,14
Chr_6,1254005,G,4,T,14
Chr_6,1254306,G,1,T,16
Chr_6,1254331,T,1,A,13
Chr_6,1255024,T,1,C,5
Chr_6,1255606,G,7,C,12
Chr_6,1255781,T,2,C,18
Chr_6,1256143,A,0,T,16
Chr_6,1256240,G,4,A,26
Chr_6,1256241,C,4,T,26
Chr_6,1256327,T,7,C,6
Chr_6,1256401,A,6,G,13
Chr_6,1256438,T,11,C,23
Chr_6,1256578,T,6,C,25
Chr_6,1257591,T,7,A,15
Chr_6,1259196,C,5,T,14
Chr_6,1259374,T,0,A,26
Chr_6,1259727,G,3,T,7
Chr_6,1259925,T,5,C,20
Chr_6,1259986,T,0,A,12
Chr_6,1260219,T,1,A,12
Chr_6,1260250,A,1,T,11
Chr_6,1260677,T,5,A,11
Chr_6,1261386,A,7,G,24
Chr_6,1261422,A,3,G,16
Chr_6,1261440,A,1,C,17
Chr_6,1262166,A,6,T,29
Chr_6,1262260,A,9,G,12
Chr_6,1262334,T,7,C,7
Chr_6,1262393,A,11,C,0
Chr_6,1262411,T,7,C,5
Chr_6,1262422,C,7,T,7
Chr_6,1262981,C,1,T,11
Chr_6,1262986,A,1,G,11
Chr_6,1263299,G,3,T,5
Chr_6,1263344,G,3,A,5
Chr_6,1267560,A,3,T,13
Chr_6,1268052,T,3,C,14
Chr_6,1268614,A,4,G,10
Chr_6,1270214,A,4,G,11
Chr_6,1270268,T,2,C,22
Chr_6,1271538,T,2,A,8
Chr_6,1271586,G,3,A,2
Chr_6,1272389,A,3,T,14
Chr_6,1272446,T,2,C,8
Chr_6,1272751,C,6,A,15
Chr_6,1272775,A,6,G,14
Chr_6,1272876,T,13,G,20
Chr_6,1272912,A,4,G,7
Chr_6,1272919,G,4,A,7
Chr_6,1272948,A,4,G,15
Chr_6,1272956,T,4,C,15
Chr_6,1273043,T,15,C,14
Chr_6,1273168,C,11,T,13
Chr_6,1273237,G,8,C,17
Chr_6,1274229,G,11,C,17
Chr_6,1276115,G,9,A,23
Chr_6,1276623,T,3,A,24
Chr_6,1277336,A,0,T,12
Chr_6,1277985,T,2,A,13
Chr_6,1278767,C,1,T,13
Chr_6,1278777,A,1,T,14
Chr_6,1279065,T,2,G,10
Chr_6,1279208,A,2,G,10
Chr_6,1279233,G,2,C,11
Chr_6,1279237,A,2,T,9
Chr_6,1280160,G,8,C,20
Chr_6,1280562,G,2,A,22
Chr_6,1280745,G,2,A,9
Chr_6,1281471,A,5,G,13
Chr_6,1282087,T,5,C,6
Chr_6,1282188,A,10,G,22
Chr_6,1282488,A,9,C,13
Chr_6,1282924,G,2,T,36
Chr_6,1283407,A,1,G,28
Chr_6,1284517,A,8,T,12
Chr_6,1284549,G,5,A,12
Chr_6,1284578,G,5,A,11
Chr_6,1284586,T,0,C,13
Chr_6,1284855,C,1,T,11
Chr_6,1286006,C,3,T,10
Chr_6,1286010,A,3,G,10
Chr_6,1286028,A,5,C,10
Chr_6,1286034,A,5,G,10
Chr_6,1288330,G,2,A,15
Chr_6,1289698,C,6,G,7
Chr_6,1291036,T,7,G,12
Chr_6,1295871,T,4,C,15
Chr_6,1296944,A,12,G,16
Chr_6,1297073,A,4,T,27
Chr_6,1298146,A,5,G,29
Chr_6,1298908,T,0,A,17
Chr_6,1300362,A,18,C,27
Chr_6,1301453,A,4,T,22
Chr_6,1301489,T,3,C,23
Chr_6,1301633,G,7,A,16
Chr_6,1301934,A,1,C,26
Chr_6,1302399,A,2,T,22
Chr_6,1302416,T,5,C,16
Chr_6,1305738,A,4,T,10
Chr_6,1306147,G,3,T,6
Chr_6,1307917,T,7,C,26
Chr_6,1312477,C,1,T,22
Chr_6,1314786,C,0,A,16
Chr_6,1317008,T,0,C,31
Chr_6,1317418,C,2,T,31
Chr_6,1318362,G,2,C,12
Chr_6,1318663,G,0,A,10
Chr_6,1325256,G,11,A,5
Chr_6,1325800,A,19,G,21
Chr_6,1326051,C,2,A,6
Chr_6,1326153,T,11,G,18
Chr_6,1328211,C,5,A,12
Chr_6,1332529,A,7,C,16
Chr_6,1335929,A,6,T,20
Chr_6,1337390,G,5,T,22
Chr_6,1337421,T,8,A,19
Chr_6,1337733,A,6,C,21
Chr_6,1339545,A,1,G,16
Chr_6,1348026,A,3,G,11
Chr_6,1355577,T,2,G,18
Chr_6,1357239,C,11,A,18
Chr_6,1357291,C,12,T,11
Chr_6,1357858,T,0,G,10
Chr_6,1358060,T,1,C,16
Chr_6,1358077,G,2,A,13
Chr_6,1360449,A,0,T,23
Chr_6,1369818,G,5,A,14
Chr_6,1369820,A,5,T,14
Chr_6,1370449,C,7,T,4
Chr_6,1372536,G,4,T,12
Chr_6,1372741,G,1,A,12
Chr_6,1386720,A,1,G,9
Chr_6,1388535,A,8,G,6
Chr_6,1395171,C,0,T,1
Chr_6,1396339,G,4,A,4
Chr_6,1396398,G,5,C,3
Chr_6,1396656,T,3,A,22
Chr_6,1397378,C,3,T,16
Chr_6,1400374,G,0,C,36
Chr_6,1401690,C,1,A,12
Chr_6,1401813,A,2,G,16
Chr_6,1402415,A,3,G,10
Chr_6,1402521,G,1,A,14
Chr_6,1406090,A,7,T,16
Chr_6,1406103,G,7,A,18
Chr_6,1408532,A,4,G,45
Chr_6,1408813,T,2,C,21
Chr_6,1408849,C,3,T,20
Chr_6,1408863,G,4,A,21
Chr_6,1411399,C,8,T,9
Chr_6,1412734,A,2,C,14
Chr_6,1413930,G,6,A,23
Chr_6,1414098,A,3,G,9
Chr_6,1415416,C,9,T,18
Chr_6,1416794,G,0,T,12
Chr_6,1416795,T,0,G,12
Chr_6,1424324,T,3,C,24
Chr_6,1428954,T,3,A,8
Chr_6,1431797,T,8,A,9
Chr_6,1432071,G,14,A,14
Chr_6,1432274,A,2,G,17
Chr_6,1439173,T,15,A,13
Chr_6,1440277,A,15,T,7
Chr_6,1446755,A,4,C,7
Chr_6,1452250,T,6,C,16
Chr_6,1455286,A,9,G,10
Chr_6,1458718,A,6,T,10
Chr_6,1462252,A,1,G,26
Chr_6,1462417,T,7,C,5
Chr_6,1470620,G,9,A,10
Chr_6,1480260,G,11,A,13
Chr_6,1497169,A,8,G,31
Chr_6,1497602,A,6,G,25
Chr_6,1499353,A,7,T,27
Chr_6,1501030,C,4,A,20
Chr_6,1502658,T,0,G,24
Chr_6,1503557,T,1,C,21
Chr_6,1514618,C,4,A,13
Chr_6,1528475,A,7,C,13
Chr_6,1528670,C,0,T,7
Chr_6,1529251,A,3,G,8
Chr_6,1530858,G,7,T,13
Chr_6,1531284,A,10,T,8
Chr_6,1533136,T,3,C,16
Chr_6,1536672,T,3,C,29
Chr_6,1537890,T,1,C,26
Chr_6,1539421,T,6,G,4
Chr_6,1541311,C,5,T,15
Chr_6,1541924,G,2,T,14
Chr_6,1550468,A,0,C,23
Chr_6,1551758,A,0,T,4
Chr_6,1551763,T,0,C,4
Chr_6,1552407,G,8,T,16
Chr_6,1553591,A,3,G,17
Chr_6,1556517,A,6,C,25
Chr_6,1561135,A,0,T,10
Chr_6,1561752,T,9,C,11
Chr_6,1563575,A,4,G,20
Chr_6,1564069,G,2,A,1
Chr_6,1564148,T,0,C,14
Chr_6,1564202,T,14,A,10
Chr_6,1564792,T,6,A,36
Chr_6,1565702,A,0,G,25
Chr_6,1565858,C,9,A,23
Chr_6,1566141,G,9,T,43
Chr_6,1566214,G,5,A,27
Chr_6,1566277,G,9,C,16
Chr_6,1566474,G,4,A,27
Chr_6,1567149,C,11,T,19
Chr_6,1567468,A,0,G,7
Chr_6,1568532,T,5,C,14
Chr_6,1569428,A,0,G,14
Chr_6,1569931,G,9,A,30
Chr_6,1570238,A,8,G,4
Chr_6,1571306,G,5,A,8
Chr_6,1571307,C,5,G,8
Chr_6,1571908,A,5,G,9
Chr_6,1572255,C,3,T,13
Chr_6,1573311,A,4,T,11
Chr_6,1573319,A,4,G,10
Chr_6,1573630,C,5,G,14
Chr_6,1575384,C,9,T,15
Chr_6,1576818,C,10,A,3
Chr_6,1578123,A,8,C,31
Chr_6,1579372,T,3,A,22
Chr_6,1580385,C,8,T,30
Chr_6,1581427,A,3,T,18
Chr_6,1581946,T,2,C,8
Chr_6,1585455,A,4,C,19
Chr_6,1585486,G,3,T,11
Chr_6,1588199,A,8,G,6
Chr_6,1590996,C,3,T,16
Chr_6,1593930,T,3,A,6
Chr_6,1594562,A,9,G,34
Chr_6,1594592,C,9,T,36
Chr_6,1595286,C,4,A,8
Chr_6,1595289,A,4,T,8
Chr_6,1596552,T,0,G,8
Chr_6,1599643,A,5,T,13
Chr_6,1601500,C,4,T,14
Chr_6,1601923,T,1,C,14
Chr_6,1601948,G,1,C,12
Chr_6,1602160,A,0,G,10
Chr_6,1603051,C,0,G,14
Chr_6,1603803,T,1,C,11
Chr_6,1604749,T,1,A,14
Chr_6,1605256,T,7,C,23
Chr_6,1606732,G,6,A,23
Chr_6,1606826,C,8,T,31
Chr_6,1609553,G,9,A,28
Chr_6,1609667,A,16,G,20
Chr_6,1609947,G,6,A,17
Chr_6,1610024,C,6,T,30
Chr_6,1610620,T,5,C,4
Chr_6,1612246,C,2,G,43
Chr_6,1613476,T,5,C,47
Chr_6,1614558,A,13,T,40
Chr_6,1616216,A,7,C,27
Chr_6,1616228,G,7,A,20
Chr_6,1618520,C,8,A,31
Chr_6,1620781,C,12,A,12
Chr_6,1621142,G,0,A,9
Chr_6,1623300,G,0,A,16
Chr_6,1623579,A,9,G,21
Chr_6,1624257,A,8,G,1
Chr_6,1625517,A,8,C,19
Chr_6,1627846,G,10,A,24
Chr_6,1627854,G,7,A,22
Chr_6,1627991,C,2,G,25
Chr_6,1633346,G,2,A,21
Chr_6,1634445,A,16,G,15
Chr_6,1635752,T,4,A,20
Chr_6,1638562,C,1,A,13
Chr_6,1641598,T,3,A,30
Chr_6,1642538,T,5,C,20
Chr_6,1643151,T,3,G,28
Chr_6,1645720,T,2,A,10
Chr_6,1649041,T,0,A,23
Chr_6,1649463,G,11,T,23
Chr_6,1649500,T,5,A,13
Chr_6,1650098,T,1,G,9
Chr_6,1651505,T,7,A,8
Chr_6,1651924,A,4,C,17
Chr_6,1652169,G,3,A,8
Chr_6,1654237,C,2,A,12
Chr_6,1654852,A,2,G,5
Chr_6,1659888,T,7,C,31
Chr_6,1662095,T,4,A,17
Chr_6,1662937,C,8,T,27
Chr_6,1664944,C,12,A,23
Chr_6,1664984,G,10,A,31
Chr_6,1664985,T,10,C,31
Chr_6,1665393,A,7,G,7
Chr_6,1665425,G,1,C,21
Chr_6,1665473,T,11,C,16
Chr_6,1667035,A,7,T,21
Chr_6,1670236,A,2,G,12
Chr_6,1670619,A,0,T,10
Chr_6,1670632,A,0,C,4
Chr_6,1670840,T,5,C,10
Chr_6,1670999,G,1,T,9
Chr_6,1671123,G,6,A,19
Chr_6,1672344,T,1,A,11
Chr_6,1675710,C,5,T,24
Chr_6,1675821,G,2,C,16
Chr_6,1676161,C,1,T,24
Chr_6,1680789,G,9,A,25
Chr_6,1682047,T,4,G,14
Chr_6,1683999,C,3,A,4
Chr_6,1688344,T,0,C,7
Chr_6,1689406,G,4,T,5
Chr_6,1689979,A,3,G,19
Chr_6,1691694,C,1,T,20
Chr_6,1694043,C,2,T,6
Chr_6,1699441,C,0,T,9
Chr_6,1699935,A,2,T,6
Chr_6,1703200,C,1,A,10
Chr_6,1703995,T,4,A,4
Chr_6,1704274,G,2,A,31
Chr_6,1704354,T,5,C,34
Chr_6,1706224,A,2,T,23
Chr_6,1706571,A,6,G,19
Chr_6,1706789,T,0,C,13
Chr_6,1707194,A,11,G,27
Chr_6,1708639,A,9,T,22
Chr_6,1708691,G,0,A,10
Chr_6,1713947,G,2,A,13
Chr_6,1714711,T,6,A,24
Chr_6,1715225,G,20,A,29
Chr_6,1717623,G,5,T,15
Chr_6,1717640,T,7,G,13
Chr_6,1718051,T,4,A,27
Chr_6,1719598,G,3,A,10
Chr_6,1720233,A,8,G,5
Chr_6,1720409,T,4,C,13
Chr_6,1721023,A,9,G,18
Chr_6,1721435,C,6,T,18
Chr_6,1721690,C,1,T,7
Chr_6,1722250,T,8,A,9
Chr_6,1722453,A,2,G,20
Chr_6,1723223,C,2,G,18
Chr_6,1723404,T,0,G,20
Chr_6,1723620,G,0,A,6
Chr_6,1723992,G,1,T,18
Chr_6,1724092,G,3,A,14
Chr_6,1725447,A,1,G,16
Chr_6,1727662,G,5,A,6
Chr_6,1728970,C,18,G,24
Chr_6,1729695,T,2,C,13
Chr_6,1729888,G,9,A,22
Chr_6,1732777,C,6,T,8
Chr_6,1734262,T,3,A,22
Chr_6,1734444,C,4,T,22
Chr_6,1734803,C,11,T,1
Chr_6,1735808,A,4,C,17
Chr_6,1736982,C,0,A,3
Chr_6,1737790,A,2,C,11
Chr_6,1738085,C,12,A,22
Chr_6,1738484,A,8,G,8
Chr_6,1738559,C,7,T,17
Chr_6,1739982,T,8,C,6
Chr_6,1740330,T,1,A,4
Chr_6,1740418,A,5,G,8
Chr_6,1740574,A,3,C,14
Chr_6,1741206,G,3,A,8
Chr_6,1741895,T,3,G,14
Chr_6,1742894,G,12,C,17
Chr_6,1745008,A,6,T,14
Chr_6,1745020,G,11,A,10
Chr_6,1765390,G,25,A,75
Chr_6,1765404,C,40,T,65
Chr_6,1765538,T,4,A,0
